-- Adminer 4.7.7 MySQL dump

SET NAMES utf8;
SET time_zone = '+00:00';
SET foreign_key_checks = 0;
SET sql_mode = 'NO_AUTO_VALUE_ON_ZERO';

TRUNCATE `auth_group`;

TRUNCATE `auth_group_permissions`;

TRUNCATE `auth_permission`;
INSERT INTO `auth_permission` (`id`, `name`, `content_type_id`, `codename`) VALUES
(1,	'Can add log entry',	1,	'add_logentry'),
(2,	'Can change log entry',	1,	'change_logentry'),
(3,	'Can delete log entry',	1,	'delete_logentry'),
(4,	'Can view log entry',	1,	'view_logentry'),
(5,	'Can add permission',	2,	'add_permission'),
(6,	'Can change permission',	2,	'change_permission'),
(7,	'Can delete permission',	2,	'delete_permission'),
(8,	'Can view permission',	2,	'view_permission'),
(9,	'Can add group',	3,	'add_group'),
(10,	'Can change group',	3,	'change_group'),
(11,	'Can delete group',	3,	'delete_group'),
(12,	'Can view group',	3,	'view_group'),
(13,	'Can add content type',	4,	'add_contenttype'),
(14,	'Can change content type',	4,	'change_contenttype'),
(15,	'Can delete content type',	4,	'delete_contenttype'),
(16,	'Can view content type',	4,	'view_contenttype'),
(17,	'Can add session',	5,	'add_session'),
(18,	'Can change session',	5,	'change_session'),
(19,	'Can delete session',	5,	'delete_session'),
(20,	'Can view session',	5,	'view_session'),
(21,	'Can add user',	6,	'add_user'),
(22,	'Can change user',	6,	'change_user'),
(23,	'Can delete user',	6,	'delete_user'),
(24,	'Can view user',	6,	'view_user'),
(25,	'Can add auction',	7,	'add_auction'),
(26,	'Can change auction',	7,	'change_auction'),
(27,	'Can delete auction',	7,	'delete_auction'),
(28,	'Can view auction',	7,	'view_auction'),
(29,	'Can add post',	8,	'add_post'),
(30,	'Can change post',	8,	'change_post'),
(31,	'Can delete post',	8,	'delete_post'),
(32,	'Can view post',	8,	'view_post'),
(33,	'Can add post report',	9,	'add_postreport'),
(34,	'Can change post report',	9,	'change_postreport'),
(35,	'Can delete post report',	9,	'delete_postreport'),
(36,	'Can view post report',	9,	'view_postreport'),
(37,	'Can add post image',	10,	'add_postimage'),
(38,	'Can change post image',	10,	'change_postimage'),
(39,	'Can delete post image',	10,	'delete_postimage'),
(40,	'Can view post image',	10,	'view_postimage'),
(41,	'Can add post comment',	11,	'add_postcomment'),
(42,	'Can change post comment',	11,	'change_postcomment'),
(43,	'Can delete post comment',	11,	'delete_postcomment'),
(44,	'Can view post comment',	11,	'view_postcomment'),
(45,	'Can add auction report',	12,	'add_auctionreport'),
(46,	'Can change auction report',	12,	'change_auctionreport'),
(47,	'Can delete auction report',	12,	'delete_auctionreport'),
(48,	'Can view auction report',	12,	'view_auctionreport'),
(49,	'Can add auction image',	13,	'add_auctionimage'),
(50,	'Can change auction image',	13,	'change_auctionimage'),
(51,	'Can delete auction image',	13,	'delete_auctionimage'),
(52,	'Can view auction image',	13,	'view_auctionimage'),
(53,	'Can add auction comment',	14,	'add_auctioncomment'),
(54,	'Can change auction comment',	14,	'change_auctioncomment'),
(55,	'Can delete auction comment',	14,	'delete_auctioncomment'),
(56,	'Can view auction comment',	14,	'view_auctioncomment'),
(57,	'Can add category auction',	15,	'add_categoryauction'),
(58,	'Can change category auction',	15,	'change_categoryauction'),
(59,	'Can delete category auction',	15,	'delete_categoryauction'),
(60,	'Can view category auction',	15,	'view_categoryauction'),
(61,	'Can add hash tag post',	16,	'add_hashtagpost'),
(62,	'Can change hash tag post',	16,	'change_hashtagpost'),
(63,	'Can delete hash tag post',	16,	'delete_hashtagpost'),
(64,	'Can view hash tag post',	16,	'view_hashtagpost'),
(65,	'Can add application',	17,	'add_application'),
(66,	'Can change application',	17,	'change_application'),
(67,	'Can delete application',	17,	'delete_application'),
(68,	'Can view application',	17,	'view_application'),
(69,	'Can add access token',	18,	'add_accesstoken'),
(70,	'Can change access token',	18,	'change_accesstoken'),
(71,	'Can delete access token',	18,	'delete_accesstoken'),
(72,	'Can view access token',	18,	'view_accesstoken'),
(73,	'Can add grant',	19,	'add_grant'),
(74,	'Can change grant',	19,	'change_grant'),
(75,	'Can delete grant',	19,	'delete_grant'),
(76,	'Can view grant',	19,	'view_grant'),
(77,	'Can add refresh token',	20,	'add_refreshtoken'),
(78,	'Can change refresh token',	20,	'change_refreshtoken'),
(79,	'Can delete refresh token',	20,	'delete_refreshtoken'),
(80,	'Can view refresh token',	20,	'view_refreshtoken'),
(81,	'Can add id token',	21,	'add_idtoken'),
(82,	'Can change id token',	21,	'change_idtoken'),
(83,	'Can delete id token',	21,	'delete_idtoken'),
(84,	'Can view id token',	21,	'view_idtoken'),
(85,	'Can add cors model',	22,	'add_corsmodel'),
(86,	'Can change cors model',	22,	'change_corsmodel'),
(87,	'Can delete cors model',	22,	'delete_corsmodel'),
(88,	'Can view cors model',	22,	'view_corsmodel'),
(89,	'Can add repost type',	23,	'add_reposttype'),
(90,	'Can change repost type',	23,	'change_reposttype'),
(91,	'Can delete repost type',	23,	'delete_reposttype'),
(92,	'Can view repost type',	23,	'view_reposttype'),
(93,	'Can add report type',	23,	'add_reporttype'),
(94,	'Can change report type',	23,	'change_reporttype'),
(95,	'Can delete report type',	23,	'delete_reporttype'),
(96,	'Can view report type',	23,	'view_reporttype'),
(97,	'Can add payment method',	24,	'add_paymentmethod'),
(98,	'Can change payment method',	24,	'change_paymentmethod'),
(99,	'Can delete payment method',	24,	'delete_paymentmethod'),
(100,	'Can view payment method',	24,	'view_paymentmethod'),
(101,	'Can add feedback',	25,	'add_feedback'),
(102,	'Can change feedback',	25,	'change_feedback'),
(103,	'Can delete feedback',	25,	'delete_feedback'),
(104,	'Can view feedback',	25,	'view_feedback');

TRUNCATE `corsheaders_corsmodel`;

TRUNCATE `django_admin_log`;
INSERT INTO `django_admin_log` (`id`, `action_time`, `object_id`, `object_repr`, `action_flag`, `change_message`, `content_type_id`, `user_id`) VALUES
(1,	'2021-08-05 10:17:24.963877',	'1',	'Bán nhà gây quỹ vào từ thiện 50% lợi nhuận',	1,	'[{\"added\": {}}]',	7,	1),
(2,	'2021-08-05 11:45:32.533388',	'1',	'Bán nhà gây quỹ vào từ thiện 50% lợi nhuận',	2,	'[{\"added\": {\"name\": \"auction image\", \"object\": \"AuctionImage object (1)\"}}, {\"added\": {\"name\": \"auction image\", \"object\": \"AuctionImage object (2)\"}}, {\"added\": {\"name\": \"auction image\", \"object\": \"AuctionImage object (3)\"}}, {\"added\": {\"name\": \"auction comment\", \"object\": \"EM mu\\u1ed1n mua vs gi\\u00e1 1500 nh\\u01b0ng ch\\u1ec9 tr\\u1ea3 trc 500 \\u0111\\u00f4 c\\u00f2n l\\u1ea1i tr\\u1ea3 d\\u1ea7n trong 1 n\\u0103m\"}}]',	7,	1),
(3,	'2021-08-08 01:49:05.270458',	'1',	'first post',	1,	'[{\"added\": {}}]',	16,	1),
(4,	'2021-08-08 01:49:43.302485',	'2',	'nggo vawn',	1,	'[{\"added\": {}}, {\"added\": {\"name\": \"post image\", \"object\": \"PostImage object (3)\"}}, {\"added\": {\"name\": \"post image\", \"object\": \"PostImage object (4)\"}}]',	8,	1),
(5,	'2021-08-09 10:26:41.447950',	'1',	'hello world',	2,	'[{\"changed\": {\"fields\": [\"Hashtag\"]}}]',	8,	1),
(6,	'2021-09-01 08:52:08.948640',	'4',	'test create post',	3,	'',	8,	1),
(7,	'2021-09-01 08:52:08.977685',	'5',	'test create post',	3,	'',	8,	1),
(8,	'2021-09-01 08:52:09.019919',	'6',	'test create post',	3,	'',	8,	1),
(9,	'2021-09-01 08:52:09.050504',	'7',	'test create post',	3,	'',	8,	1),
(10,	'2021-09-01 08:52:09.078063',	'8',	'test create post',	3,	'',	8,	1),
(11,	'2021-09-01 08:52:09.104243',	'9',	'test create post',	3,	'',	8,	1),
(12,	'2021-09-01 08:52:09.130379',	'11',	'test create post ddaays ahihihi',	3,	'',	8,	1),
(13,	'2021-09-01 08:52:09.156629',	'12',	'test create post ddaays ahihihi',	3,	'',	8,	1),
(14,	'2021-09-01 08:52:09.182609',	'15',	'Test upload many file',	3,	'',	8,	1),
(15,	'2021-09-01 08:52:09.233657',	'16',	'Test upload many file',	3,	'',	8,	1),
(16,	'2021-09-01 09:05:46.467736',	'7',	'kan haungo',	2,	'[{\"changed\": {\"fields\": [\"First name\", \"Last name\", \"Phone\", \"Address\", \"Birthday\"]}}]',	6,	1),
(17,	'2021-09-02 08:31:08.361101',	'1',	'Bất động sản',	1,	'[{\"added\": {}}]',	15,	1),
(18,	'2021-09-02 08:31:43.002741',	'2',	'Nhà cửa',	1,	'[{\"added\": {}}]',	15,	1),
(19,	'2021-09-02 08:32:00.660059',	'3',	'Vận dụng Nội thất',	1,	'[{\"added\": {}}]',	15,	1),
(20,	'2021-09-02 08:32:15.748674',	'4',	'Xe cộ',	1,	'[{\"added\": {}}]',	15,	1),
(21,	'2021-09-02 08:32:32.736182',	'5',	'Nghệ thuật',	1,	'[{\"added\": {}}]',	15,	1),
(22,	'2021-09-02 08:32:45.704464',	'6',	'Đồ cổ',	1,	'[{\"added\": {}}]',	15,	1),
(23,	'2021-09-02 08:36:42.639609',	'1',	'Bán nhà gây quỹ vào từ thiện 50% lợi nhuận',	2,	'[{\"changed\": {\"fields\": [\"User\", \"Category\"]}}]',	7,	1),
(24,	'2021-09-02 09:07:56.656873',	'3',	'comment auction 1',	3,	'',	7,	1),
(25,	'2021-09-02 09:07:56.685633',	'4',	'comment auction 1',	3,	'',	7,	1),
(26,	'2021-09-02 09:07:56.713725',	'5',	'comment auction 1',	3,	'',	7,	1),
(27,	'2021-09-05 02:59:28.735788',	'1',	'ReportType object (1)',	1,	'[{\"added\": {}}]',	23,	1),
(28,	'2021-09-05 02:59:38.474259',	'2',	'ReportType object (2)',	1,	'[{\"added\": {}}]',	23,	1),
(29,	'2021-09-05 02:59:59.291033',	'3',	'ReportType object (3)',	1,	'[{\"added\": {}}]',	23,	1),
(30,	'2021-09-05 03:00:22.833060',	'4',	'ReportType object (4)',	1,	'[{\"added\": {}}]',	23,	1),
(31,	'2021-09-05 03:00:37.046067',	'5',	'ReportType object (5)',	1,	'[{\"added\": {}}]',	23,	1),
(32,	'2021-09-05 03:03:50.753615',	'1',	'Thông tin không hữu ích-Spam',	1,	'[{\"added\": {}}]',	9,	1),
(33,	'2021-09-05 03:07:08.888433',	'1',	'Như đùa v-Spam',	1,	'[{\"added\": {}}]',	12,	1),
(34,	'2021-09-16 16:36:41.503368',	'10',	'nopnopnopnop',	3,	'',	7,	1),
(35,	'2021-09-16 16:36:41.526025',	'12',	'Ahihi',	3,	'',	7,	1),
(36,	'2021-09-16 16:36:41.540552',	'13',	'change path static 1111111',	3,	'',	7,	1),
(37,	'2021-09-16 16:36:41.559659',	'14',	'change path static 1111111',	3,	'',	7,	1),
(38,	'2021-09-16 16:36:41.581749',	'15',	'change path static 1111111',	3,	'',	7,	1),
(39,	'2021-09-16 16:36:41.602628',	'16',	'change path static 1111111',	3,	'',	7,	1),
(40,	'2021-09-16 16:36:41.626225',	'17',	'change path static 1111111',	3,	'',	7,	1),
(41,	'2021-09-16 16:36:41.642957',	'18',	'them tu postman',	3,	'',	7,	1),
(42,	'2021-09-16 16:36:41.697356',	'19',	'them tu postman',	3,	'',	7,	1),
(43,	'2021-09-17 08:49:00.639582',	'20',	'Sản phẩm này là sự chăm sóc của một người khác',	2,	'[{\"added\": {\"name\": \"auction comment\", \"object\": \"N\\u1ebfu d\\u1ecbch v\\u1ee5 trong 1 tu\\u1ea7n em ch\\u1ea5p nh\\u1eadn \\u1ea1\"}}]',	7,	1),
(44,	'2021-09-17 08:53:02.144324',	'20',	'Sản phẩm này là sự chăm sóc của một người khác',	2,	'[{\"added\": {\"name\": \"auction comment\", \"object\": \"Oke \\u1ea1 nghe c\\u00f3 v\\u1ebb hay\"}}]',	7,	1),
(45,	'2021-09-17 08:58:45.589112',	'20',	'Sản phẩm này là sự chăm sóc của một người khác',	2,	'[{\"deleted\": {\"name\": \"auction comment\", \"object\": \"n\\u1ebfu c\\u00f3 h\\u00e1t cho ng l\\u1edbn ng\\u1ee7 th\\u00ec em mua nh\\u00e9\"}}]',	7,	1),
(46,	'2021-09-17 13:14:54.469968',	'1',	'Momo',	1,	'[{\"added\": {}}]',	24,	1),
(47,	'2021-09-17 13:15:00.661887',	'2',	'Offline',	1,	'[{\"added\": {}}]',	24,	1),
(48,	'2021-09-17 13:16:57.273845',	'8',	'Bài này mk đã tự làm và được 9 điểm đồ án, 8 điểm khóa luận',	2,	'[{\"changed\": {\"fields\": [\"Payment method\"]}}]',	7,	1),
(49,	'2021-09-27 13:14:52.465922',	'23',	'Bài đấu giá thứ 4',	1,	'[{\"added\": {}}, {\"added\": {\"name\": \"auction image\", \"object\": \"/static/auction_images/2021/09/thumb-1920-161457.jpg\"}}]',	7,	1),
(50,	'2021-09-27 16:56:32.276418',	'24',	'baif 1',	2,	'[{\"added\": {\"name\": \"auction comment\", \"object\": \"test1\"}}, {\"added\": {\"name\": \"auction comment\", \"object\": \"test2\"}}, {\"added\": {\"name\": \"auction comment\", \"object\": \"test3\"}}]',	7,	1),
(51,	'2021-09-27 16:57:30.205789',	'24',	'baif 1',	2,	'[{\"changed\": {\"name\": \"auction comment\", \"object\": \"test1\", \"fields\": [\"Price\"]}}]',	7,	1),
(52,	'2021-09-27 17:14:46.780390',	'24',	'baif 1',	2,	'[{\"changed\": {\"name\": \"auction comment\", \"object\": \"test2\", \"fields\": [\"User\"]}}]',	7,	1);

TRUNCATE `django_content_type`;
INSERT INTO `django_content_type` (`id`, `app_label`, `model`) VALUES
(1,	'admin',	'logentry'),
(3,	'auth',	'group'),
(2,	'auth',	'permission'),
(4,	'contenttypes',	'contenttype'),
(22,	'corsheaders',	'corsmodel'),
(18,	'oauth2_provider',	'accesstoken'),
(17,	'oauth2_provider',	'application'),
(19,	'oauth2_provider',	'grant'),
(21,	'oauth2_provider',	'idtoken'),
(20,	'oauth2_provider',	'refreshtoken'),
(5,	'sessions',	'session'),
(7,	'social_network',	'auction'),
(14,	'social_network',	'auctioncomment'),
(13,	'social_network',	'auctionimage'),
(12,	'social_network',	'auctionreport'),
(15,	'social_network',	'categoryauction'),
(25,	'social_network',	'feedback'),
(16,	'social_network',	'hashtagpost'),
(24,	'social_network',	'paymentmethod'),
(8,	'social_network',	'post'),
(11,	'social_network',	'postcomment'),
(10,	'social_network',	'postimage'),
(9,	'social_network',	'postreport'),
(23,	'social_network',	'reporttype'),
(6,	'social_network',	'user');

TRUNCATE `django_migrations`;
INSERT INTO `django_migrations` (`id`, `app`, `name`, `applied`) VALUES
(1,	'contenttypes',	'0001_initial',	'2021-08-05 10:13:31.986743'),
(2,	'contenttypes',	'0002_remove_content_type_name',	'2021-08-05 10:13:32.285043'),
(3,	'auth',	'0001_initial',	'2021-08-05 10:13:33.531854'),
(4,	'auth',	'0002_alter_permission_name_max_length',	'2021-08-05 10:13:33.749449'),
(5,	'auth',	'0003_alter_user_email_max_length',	'2021-08-05 10:13:33.775097'),
(6,	'auth',	'0004_alter_user_username_opts',	'2021-08-05 10:13:33.789067'),
(7,	'auth',	'0005_alter_user_last_login_null',	'2021-08-05 10:13:33.814408'),
(8,	'auth',	'0006_require_contenttypes_0002',	'2021-08-05 10:13:33.832617'),
(9,	'auth',	'0007_alter_validators_add_error_messages',	'2021-08-05 10:13:33.860329'),
(10,	'auth',	'0008_alter_user_username_max_length',	'2021-08-05 10:13:33.886381'),
(11,	'auth',	'0009_alter_user_last_name_max_length',	'2021-08-05 10:13:33.915425'),
(12,	'auth',	'0010_alter_group_name_max_length',	'2021-08-05 10:13:34.102803'),
(13,	'auth',	'0011_update_proxy_permissions',	'2021-08-05 10:13:34.130678'),
(14,	'auth',	'0012_alter_user_first_name_max_length',	'2021-08-05 10:13:34.156497'),
(15,	'social_network',	'0001_initial',	'2021-08-05 10:13:38.545977'),
(16,	'admin',	'0001_initial',	'2021-08-05 10:13:39.049940'),
(17,	'admin',	'0002_logentry_remove_auto_add',	'2021-08-05 10:13:39.094020'),
(18,	'admin',	'0003_logentry_add_action_flag_choices',	'2021-08-05 10:13:39.115735'),
(19,	'sessions',	'0001_initial',	'2021-08-05 10:13:39.241871'),
(20,	'social_network',	'0002_auto_20210805_1256',	'2021-08-05 12:56:20.969928'),
(21,	'social_network',	'0003_auto_20210809_0958',	'2021-08-09 09:58:10.614958'),
(22,	'oauth2_provider',	'0001_initial',	'2021-08-30 04:00:52.228796'),
(23,	'oauth2_provider',	'0002_auto_20190406_1805',	'2021-08-30 04:00:52.498323'),
(24,	'oauth2_provider',	'0003_auto_20201211_1314',	'2021-08-30 04:00:52.765619'),
(25,	'oauth2_provider',	'0004_auto_20200902_2022',	'2021-08-30 04:00:54.112402'),
(26,	'social_network',	'0004_post_like',	'2021-09-01 01:48:35.432869'),
(27,	'corsheaders',	'0001_initial',	'2021-09-01 09:58:31.437569'),
(28,	'social_network',	'0005_auction_like',	'2021-09-02 03:32:14.223186'),
(29,	'social_network',	'0006_auto_20210903_1337',	'2021-09-03 13:37:28.357127'),
(30,	'social_network',	'0007_alter_auctioncomment_status_transaction',	'2021-09-03 13:42:42.495157'),
(31,	'social_network',	'0008_auction_buyer',	'2021-09-04 03:10:28.304165'),
(32,	'social_network',	'0009_auction_date_success',	'2021-09-04 03:25:32.038144'),
(33,	'social_network',	'0010_auto_20210905_0231',	'2021-09-05 02:31:21.053677'),
(34,	'social_network',	'0011_auto_20210905_0231',	'2021-09-05 02:31:57.649204'),
(35,	'social_network',	'0012_rename_reposttype_reporttype',	'2021-09-05 02:36:36.893271'),
(36,	'social_network',	'0002_auto_20210917_1305',	'2021-09-17 13:05:27.331503'),
(37,	'social_network',	'0003_rename_payment_methods_auction_payment_method',	'2021-09-17 13:06:29.046015'),
(38,	'social_network',	'0004_remove_auction_payment_method',	'2021-09-17 13:09:18.083895'),
(39,	'social_network',	'0005_paymentmethod',	'2021-09-17 13:12:15.232870'),
(40,	'social_network',	'0006_auction_payment_method',	'2021-09-17 13:15:50.076762'),
(41,	'social_network',	'0007_user_push_token',	'2021-09-18 10:04:23.638460'),
(42,	'social_network',	'0008_feedback',	'2021-10-04 14:18:53.407210');

TRUNCATE `django_session`;
INSERT INTO `django_session` (`session_key`, `session_data`, `expire_date`) VALUES
('awshxdk4w0k0up78711e9gotokesucnv',	'.eJxVjEEOwiAQRe_C2hBKcQCX7j0DmYFBqgaS0q6Md7dNutDtf-_9twi4LiWsnecwJXERgzj9boTxyXUH6YH13mRsdZknkrsiD9rlrSV-XQ_376BgL1sdWTkDGc8pZ7DG0QDWZ0-KdAZWqEfEtEEk65UZtbbeaMwAlAB5dOLzBfwIOGo:1mKcZl:bIOc_Tg-TKpbPbuK-wicMZVK9cYU8R-aTNRbIuv20AE',	'2021-09-13 08:23:29.396801'),
('ggshyul6ttfifoqx26j0byc6okcym6xz',	'.eJxVjEEOwiAQRe_C2hBKcQCX7j0DmYFBqgaS0q6Md7dNutDtf-_9twi4LiWsnecwJXERgzj9boTxyXUH6YH13mRsdZknkrsiD9rlrSV-XQ_376BgL1sdWTkDGc8pZ7DG0QDWZ0-KdAZWqEfEtEEk65UZtbbeaMwAlAB5dOLzBfwIOGo:1mUne5:NZ0Np0OGJrhm7k8bwjS0e8Abuqf7MsiMY_wIZsQIGhw',	'2021-10-11 10:14:01.183042'),
('ktbmji8btx27ns402vgm7yw2ld2durca',	'.eJxVjEEOwiAQRe_C2hBKcQCX7j0DmYFBqgaS0q6Md7dNutDtf-_9twi4LiWsnecwJXERgzj9boTxyXUH6YH13mRsdZknkrsiD9rlrSV-XQ_376BgL1sdWTkDGc8pZ7DG0QDWZ0-KdAZWqEfEtEEk65UZtbbeaMwAlAB5dOLzBfwIOGo:1mD23F:mHK6FP6hVZBfmzVhHUJZa__bfNXgbWneVGWLvThGBnY',	'2021-08-23 09:58:33.269669'),
('u1bftwdenhfqvrn4lck394rnchlzt2qk',	'.eJxVjEEOwiAQRe_C2hBKcQCX7j0DmYFBqgaS0q6Md7dNutDtf-_9twi4LiWsnecwJXERgzj9boTxyXUH6YH13mRsdZknkrsiD9rlrSV-XQ_376BgL1sdWTkDGc8pZ7DG0QDWZ0-KdAZWqEfEtEEk65UZtbbeaMwAlAB5dOLzBfwIOGo:1mBaOY:OWhCRnfwKHkPX-FSHulIw-tuvo3z9GIbw6P0fdS4pzQ',	'2021-08-19 10:14:34.793902'),
('whtyb9dc15x52uqiwqtcpjmmwj4ht4r5',	'.eJxVjEEOwiAQRe_C2hBKcQCX7j0DmYFBqgaS0q6Md7dNutDtf-_9twi4LiWsnecwJXERgzj9boTxyXUH6YH13mRsdZknkrsiD9rlrSV-XQ_376BgL1sdWTkDGc8pZ7DG0QDWZ0-KdAZWqEfEtEEk65UZtbbeaMwAlAB5dOLzBfwIOGo:1mNbwI:m_EaDH3brGWghtUZ1PnGJMzI8WyJ1R_wN2NN7cmp3mE',	'2021-09-21 14:19:06.796075'),
('z50edmqk8ra0oaeeb41ejdmudkthfgyc',	'.eJxVjEEOwiAQRe_C2hBKcQCX7j0DmYFBqgaS0q6Md7dNutDtf-_9twi4LiWsnecwJXERgzj9boTxyXUH6YH13mRsdZknkrsiD9rlrSV-XQ_376BgL1sdWTkDGc8pZ7DG0QDWZ0-KdAZWqEfEtEEk65UZtbbeaMwAlAB5dOLzBfwIOGo:1macjg:8gG9Ov-iiWN6dKUAOTNF3pdhHVzRvobn-nw0Hgvs39A',	'2021-10-27 11:47:52.552021');

TRUNCATE `oauth2_provider_accesstoken`;
INSERT INTO `oauth2_provider_accesstoken` (`id`, `token`, `expires`, `scope`, `application_id`, `user_id`, `created`, `updated`, `source_refresh_token_id`, `id_token_id`) VALUES
(1,	'raQ1JYts3QjW2PG32j3LCTW94Cddut',	'2021-08-30 19:44:53.401666',	'read write',	3,	1,	'2021-08-30 09:44:53.402067',	'2021-08-30 09:44:53.402076',	NULL,	NULL),
(2,	'8YZR2neM2vQKMvMAn7HORgHf4gbOVJ',	'2021-08-31 11:02:05.215843',	'read write',	3,	7,	'2021-08-31 01:02:05.216588',	'2021-08-31 01:02:05.216600',	NULL,	NULL),
(3,	'7IudyylHMXJ3LUuDbHplRsWG14ymns',	'2021-08-31 18:40:40.958165',	'read write',	3,	7,	'2021-08-31 08:40:40.959673',	'2021-08-31 08:40:40.959705',	NULL,	NULL),
(4,	'iBU927UMFvIb4xYRDEu7E4ecAA6i3I',	'2021-09-01 12:29:38.828886',	'read write',	3,	7,	'2021-09-01 02:29:38.830074',	'2021-09-01 02:29:38.830103',	NULL,	NULL),
(5,	'9NtLLfe23Zsl1TXs7iXxeCMIihhUWl',	'2021-09-01 18:40:39.823385',	'read write',	3,	7,	'2021-09-01 08:40:39.824364',	'2021-09-01 08:40:39.824392',	NULL,	NULL),
(6,	'gAKFrOg0MW6lLiPA8QZoajpTIZANv7',	'2021-09-01 19:36:59.102830',	'read write',	3,	7,	'2021-09-01 09:36:59.103234',	'2021-09-01 09:36:59.103245',	NULL,	NULL),
(7,	'zPXfNU8gTkGqstjDx75PtuzkwxA1bu',	'2021-09-01 20:07:24.277525',	'read write',	3,	7,	'2021-09-01 10:07:24.277904',	'2021-09-01 10:07:24.277914',	NULL,	NULL),
(8,	'eDyyV9bVlWSkQg7iCweloXbtazdi4s',	'2021-09-01 20:10:29.446856',	'read write',	3,	7,	'2021-09-01 10:10:29.447151',	'2021-09-01 10:10:29.447160',	NULL,	NULL),
(9,	'jGYO2lb2WGju0908vctWO0LaJ0iLbD',	'2021-09-01 20:11:13.478097',	'read write',	3,	7,	'2021-09-01 10:11:13.478395',	'2021-09-01 10:11:13.478405',	NULL,	NULL),
(10,	'vYFFuEgyjXNS4ROJIyJGOS7kDcEZpw',	'2021-09-01 20:11:26.205152',	'read write',	3,	7,	'2021-09-01 10:11:26.205434',	'2021-09-01 10:11:26.205444',	NULL,	NULL),
(11,	'OMHasdHcLAxFWEv73qKNYdO19DWg7V',	'2021-09-01 20:15:53.254240',	'read write',	3,	7,	'2021-09-01 10:15:53.254530',	'2021-09-01 10:15:53.254540',	NULL,	NULL),
(12,	'OBWdF8ZvZLjVJz6siPHX6gDvH976Cz',	'2021-09-02 11:14:34.865490',	'read write',	3,	7,	'2021-09-02 01:14:34.866101',	'2021-09-02 01:14:34.866111',	NULL,	NULL),
(13,	'Dx6gfJkED9kQMRSVRnhOystCbAUSLz',	'2021-09-02 11:17:28.870949',	'read write',	3,	7,	'2021-09-02 01:17:28.871459',	'2021-09-02 01:17:28.871470',	NULL,	NULL),
(14,	'1vN273yt5fe3hnRR0AwB1CXo5bW3ja',	'2021-09-02 12:30:20.901324',	'read write',	3,	7,	'2021-09-02 02:30:20.902260',	'2021-09-02 02:30:20.902287',	NULL,	NULL),
(15,	'1V8wvu74iESMnxj5OphJnd3l2MZ5Ht',	'2021-09-02 12:33:54.744054',	'read write',	3,	7,	'2021-09-02 02:33:54.745349',	'2021-09-02 02:33:54.745380',	NULL,	NULL),
(16,	'CAAbjU7VHtAIDodJ9Uf3urN3QupNZY',	'2021-09-02 14:24:29.702766',	'read write',	3,	7,	'2021-09-02 04:24:29.703159',	'2021-09-02 04:24:29.703169',	NULL,	NULL),
(17,	'PfpiJkHpvTdkOtU43QdoOLVaJzuCL6',	'2021-09-02 16:47:38.115106',	'read write',	3,	7,	'2021-09-02 06:47:38.116086',	'2021-09-02 06:47:38.116114',	NULL,	NULL),
(18,	'WasEgXP5wc0WCHLFS0gGWWSQEN22Zw',	'2021-09-02 16:55:39.715412',	'read write',	3,	1,	'2021-09-02 06:55:39.716480',	'2021-09-02 06:55:39.716524',	NULL,	NULL),
(19,	'P3t4wsWCpLst96URr5RhMHZNoIVBnZ',	'2021-09-02 17:09:49.650272',	'read write',	3,	7,	'2021-09-02 07:09:49.651607',	'2021-09-02 07:09:49.651634',	NULL,	NULL),
(20,	'ZuUgorxTiYV8scs2tDRLCTTHfNSe3H',	'2021-09-02 17:17:32.919432',	'read write',	3,	7,	'2021-09-02 07:17:32.920093',	'2021-09-02 07:17:32.920120',	NULL,	NULL),
(21,	'cQZJCQTDKzFBs2l3vdlamCqRtwXnl2',	'2021-09-02 17:19:18.564693',	'read write',	3,	7,	'2021-09-02 07:19:18.565357',	'2021-09-02 07:19:18.565385',	NULL,	NULL),
(22,	'4ihGCetCnCx5g6TpVSLxlDZ1nZ8Nbe',	'2021-09-02 17:25:07.518419',	'read write',	3,	7,	'2021-09-02 07:25:07.519048',	'2021-09-02 07:25:07.519074',	NULL,	NULL),
(23,	'5k0Gr2Kq3wNPpOMTa6W9pMvUjJ4fqk',	'2021-09-02 18:06:01.493728',	'read write',	3,	1,	'2021-09-02 08:06:01.494627',	'2021-09-02 08:06:01.494654',	NULL,	NULL),
(24,	'Z16D4z3a69eZzMyYX0zmykzbVUpP6s',	'2021-09-02 18:35:07.297062',	'read write',	3,	1,	'2021-09-02 08:35:07.297443',	'2021-09-02 08:35:07.297453',	NULL,	NULL),
(25,	'Q3C8u9dkto8hQRu0J1gSfQDuNo0iX2',	'2021-09-02 18:36:50.761902',	'read write',	3,	7,	'2021-09-02 08:36:50.762210',	'2021-09-02 08:36:50.762220',	NULL,	NULL),
(26,	'NKE7zPckkRq2Qtj6rrJMaEJF43IN7T',	'2021-09-02 19:30:18.238092',	'read write',	3,	7,	'2021-09-02 09:30:18.239144',	'2021-09-02 09:30:18.239173',	NULL,	NULL),
(27,	'hhlqiVH1fnc4WqWt6i5x1HZXpeeZMm',	'2021-09-02 20:10:45.340475',	'read write',	3,	7,	'2021-09-02 10:10:45.341080',	'2021-09-02 10:10:45.341090',	NULL,	NULL),
(28,	'KAV9WDClEWR3oIdjgO1OOv6jTr0h2X',	'2021-09-03 12:27:27.397702',	'read write',	3,	7,	'2021-09-03 02:27:27.398093',	'2021-09-03 02:27:27.398104',	NULL,	NULL),
(29,	'xAGvDiLCR7o09EuuSEGoGzJcTxPkru',	'2021-09-03 12:38:48.088044',	'read write',	3,	7,	'2021-09-03 02:38:48.088431',	'2021-09-03 02:38:48.088442',	NULL,	NULL),
(30,	'vqNGRfhC44ZUNWRy3sMJk3f2V8WMzV',	'2021-09-03 12:38:56.862414',	'read write',	3,	7,	'2021-09-03 02:38:56.862804',	'2021-09-03 02:38:56.862814',	NULL,	NULL),
(31,	'xcGdMzv1yMpuTk7YqF3nnJjZJFgXKH',	'2021-09-03 13:36:03.181036',	'read write',	3,	7,	'2021-09-03 03:36:03.181789',	'2021-09-03 03:36:03.181800',	NULL,	NULL),
(32,	'fuSiM1EKQNtGVTLShu8XIwGk9gHet1',	'2021-09-03 17:02:11.268342',	'read write',	3,	7,	'2021-09-03 07:02:11.269282',	'2021-09-03 07:02:11.269311',	NULL,	NULL),
(33,	'qkKeAESzLkaTTYgWARKTh5lLy79s8u',	'2021-09-03 17:03:00.247319',	'read write',	3,	7,	'2021-09-03 07:03:00.248777',	'2021-09-03 07:03:00.248828',	NULL,	NULL),
(34,	'HsttPF7sFhUKFWCaGbu1ehAAOmKGci',	'2021-09-03 18:31:50.808461',	'read write',	3,	7,	'2021-09-03 08:31:50.809718',	'2021-09-03 08:31:50.809748',	NULL,	NULL),
(35,	't7TW6IipC0xZxu849AsTo65tXYy7QX',	'2021-09-03 18:58:51.265708',	'read write',	3,	7,	'2021-09-03 08:58:51.267035',	'2021-09-03 08:58:51.267066',	NULL,	NULL),
(36,	's4bgvaZHEczar6Ym0Gqs157pekVfxb',	'2021-09-03 19:37:34.645012',	'read write',	3,	7,	'2021-09-03 09:37:34.646029',	'2021-09-03 09:37:34.646058',	NULL,	NULL),
(37,	'c0w4FB6FpJLrkKmW3WQfg9HX7Rre9D',	'2021-09-03 20:06:53.013943',	'read write',	3,	7,	'2021-09-03 10:06:53.015011',	'2021-09-03 10:06:53.015040',	NULL,	NULL),
(38,	'ekLbDn9wneNd5hIWg4OTK2JSQukWph',	'2021-09-03 20:15:05.063042',	'read write',	3,	7,	'2021-09-03 10:15:05.064239',	'2021-09-03 10:15:05.064283',	NULL,	NULL),
(39,	'qOjMmphZaIblAnZmPuaZv3TKTfUu3V',	'2021-09-03 20:33:19.304865',	'read write',	3,	7,	'2021-09-03 10:33:19.305866',	'2021-09-03 10:33:19.305895',	NULL,	NULL),
(40,	'zXDqblhtCSAxzSJXruRVMWQhVIa6Fd',	'2021-09-03 23:29:55.523938',	'read write',	3,	7,	'2021-09-03 13:29:55.525139',	'2021-09-03 13:29:55.525167',	NULL,	NULL),
(41,	'ZmgRoNuiMsKnfZOmEMdtNXuOdLH7Rp',	'2021-09-04 10:34:58.580865',	'read write',	3,	7,	'2021-09-04 00:34:58.581797',	'2021-09-04 00:34:58.581824',	NULL,	NULL),
(42,	'tmeCeBJVdvm2IHty39pHtsanPqre8s',	'2021-09-04 12:36:58.847128',	'read write',	3,	7,	'2021-09-04 02:36:58.848141',	'2021-09-04 02:36:58.848170',	NULL,	NULL),
(43,	'q0oyzeluRnooC8WIrdPUyiZ2SCUcKO',	'2021-09-04 13:00:36.114209',	'read write',	3,	7,	'2021-09-04 03:00:36.115446',	'2021-09-04 03:00:36.115480',	NULL,	NULL),
(44,	'ODV2rwZpKZHRcmiB9hoR0aFnNTDWje',	'2021-09-04 13:30:14.954755',	'read write',	3,	7,	'2021-09-04 03:30:14.956398',	'2021-09-04 03:30:14.956429',	NULL,	NULL),
(45,	'TXmnUA8l4BcoDlOMp7zWCQYHS4lW6u',	'2021-09-04 14:17:24.583466',	'read write',	3,	7,	'2021-09-04 04:17:24.584670',	'2021-09-04 04:17:24.584698',	NULL,	NULL),
(46,	'T6sm8gfZyWvvh3FEbnr9w6BHX5bJYh',	'2021-09-04 22:15:17.819829',	'read write',	3,	7,	'2021-09-04 12:15:17.820215',	'2021-09-04 12:15:17.820226',	NULL,	NULL),
(47,	'uvsrCcn4O8SjZfZHSdZ30WozsUCEtk',	'2021-09-04 22:28:42.004119',	'read write',	3,	7,	'2021-09-04 12:28:42.004422',	'2021-09-04 12:28:42.004431',	NULL,	NULL),
(48,	'FklQwzS1Rp89MpacubzO15cc8cucjg',	'2021-09-05 11:58:09.843965',	'read write',	3,	7,	'2021-09-05 01:58:09.845008',	'2021-09-05 01:58:09.845036',	NULL,	NULL),
(49,	'EkxhTVmP4tawJFH27LxC1kCiWxIDWP',	'2021-09-05 13:29:40.881323',	'read write',	3,	7,	'2021-09-05 03:29:40.882339',	'2021-09-05 03:29:40.882368',	NULL,	NULL),
(50,	'wCelm1jocWlqpNkkhSkX1BXBMkE5uk',	'2021-09-05 14:07:08.035685',	'read write',	3,	7,	'2021-09-05 04:07:08.036710',	'2021-09-05 04:07:08.036740',	NULL,	NULL),
(51,	'bwUPRvvVRrjg7SslLLAK4K4hvlG5Rv',	'2021-09-05 14:17:45.692141',	'read write',	3,	7,	'2021-09-05 04:17:45.693587',	'2021-09-05 04:17:45.693617',	NULL,	NULL),
(52,	'5a1GTpkUJ6EnIBiywZFGZyZ5FdMBus',	'2021-09-05 18:51:04.256202',	'read write',	3,	7,	'2021-09-05 08:51:04.256604',	'2021-09-05 08:51:04.256614',	NULL,	NULL),
(53,	'8d1BdgGtcglrxgbaU5EwI3cZNunjqu',	'2021-09-05 19:00:27.438893',	'read write',	3,	10,	'2021-09-05 09:00:27.439208',	'2021-09-05 09:00:27.439218',	NULL,	NULL),
(54,	'aSpDtFsMag24AYDIipOvG8CoN2m1GX',	'2021-09-07 11:40:54.085285',	'read write',	3,	7,	'2021-09-07 01:40:54.085656',	'2021-09-07 01:40:54.085666',	NULL,	NULL),
(55,	'3cjepAYdpcTmftPCW65lTjw6zgRNOG',	'2021-09-08 00:31:07.114400',	'read write',	3,	7,	'2021-09-07 14:31:07.114779',	'2021-09-07 14:31:07.114790',	NULL,	NULL),
(56,	'v8EQRc4JzFFNjL0k9hKKH1RXaDHOUM',	'2021-09-08 00:31:07.263390',	'read write',	3,	7,	'2021-09-07 14:31:07.263681',	'2021-09-07 14:31:07.263691',	NULL,	NULL),
(57,	'ixg1q2jmGLSkYZbbIme10dNjk4lvFL',	'2021-09-08 00:31:07.423223',	'read write',	3,	7,	'2021-09-07 14:31:07.423520',	'2021-09-07 14:31:07.423629',	NULL,	NULL),
(58,	'djKD9VwELP4Pfn7eaOD3baPc4pGoBr',	'2021-09-08 13:10:44.127891',	'read write',	3,	7,	'2021-09-08 03:10:44.128286',	'2021-09-08 03:10:44.128297',	NULL,	NULL),
(59,	'fvWyi371WkxItAoFdkfNdNQtAn4t4c',	'2021-09-08 13:16:58.804259',	'read write',	3,	7,	'2021-09-08 03:16:58.804568',	'2021-09-08 03:16:58.804577',	NULL,	NULL),
(60,	'mkdG1xi2nJxggqN8bolHyEgWV6Jwu1',	'2021-09-08 13:49:24.064321',	'read write',	3,	7,	'2021-09-08 03:49:24.064607',	'2021-09-08 03:49:24.064616',	NULL,	NULL),
(61,	'ES5kjLjNxHugat0FZzckySflTeLt6u',	'2021-09-08 13:52:33.648325',	'read write',	3,	7,	'2021-09-08 03:52:33.648612',	'2021-09-08 03:52:33.648622',	NULL,	NULL),
(62,	'HQViQGftWCfj1WfDyLpDfqFuahym7L',	'2021-09-08 13:59:11.323797',	'read write',	3,	7,	'2021-09-08 03:59:11.324087',	'2021-09-08 03:59:11.324097',	NULL,	NULL),
(63,	'0RdEYMCRKmWxZdsUWEO2tToq48AZKT',	'2021-09-08 13:59:12.427314',	'read write',	3,	7,	'2021-09-08 03:59:12.427606',	'2021-09-08 03:59:12.427615',	NULL,	NULL),
(64,	'eAJkXkPZfvVdF64u4gi7xnABRO4gjA',	'2021-09-08 16:29:19.717026',	'read write',	3,	7,	'2021-09-08 06:29:19.717416',	'2021-09-08 06:29:19.717427',	NULL,	NULL),
(65,	'Sms6FXAd4hQajlU2n22YxkNtgxFhS8',	'2021-09-08 16:30:51.763679',	'read write',	3,	7,	'2021-09-08 06:30:51.763983',	'2021-09-08 06:30:51.763994',	NULL,	NULL),
(66,	'ruMGSLoXtEFbkdozeFCdTUukWfFZic',	'2021-09-08 16:34:49.324353',	'read write',	3,	7,	'2021-09-08 06:34:49.324699',	'2021-09-08 06:34:49.324710',	NULL,	NULL),
(67,	'i1lAgDYOnmNrj8LM0ZgPbVv77sYZgE',	'2021-09-08 18:17:35.412825',	'read write',	3,	1,	'2021-09-08 08:17:35.413168',	'2021-09-08 08:17:35.413178',	NULL,	NULL),
(68,	'0gj7AhUUeiP8yg9ljAdsr4R0PIWKDw',	'2021-09-08 18:20:20.623156',	'read write',	3,	7,	'2021-09-08 08:20:20.623472',	'2021-09-08 08:20:20.623487',	NULL,	NULL),
(69,	'JPjfWmSYSQlBFcPpgRrqOrZZ72c11H',	'2021-09-09 01:39:02.909576',	'read write',	3,	7,	'2021-09-08 15:39:02.910151',	'2021-09-08 15:39:02.910166',	NULL,	NULL),
(70,	'ZhFGT4oofzg2ccuDgwNHvJ0RMKpui4',	'2021-09-09 02:16:32.126485',	'read write',	3,	7,	'2021-09-08 16:16:32.126734',	'2021-09-08 16:16:32.126743',	NULL,	NULL),
(71,	'ZbcvpvUN6txB30YHAdDRX3SKsGLqFi',	'2021-09-09 02:53:23.276923',	'read write',	3,	7,	'2021-09-08 16:53:23.277188',	'2021-09-08 16:53:23.277197',	NULL,	NULL),
(72,	'wWGiRHchrLL7xM3HI86IRn2hhLaRUm',	'2021-09-09 10:05:09.083433',	'read write',	3,	7,	'2021-09-09 00:05:09.083810',	'2021-09-09 00:05:09.083821',	NULL,	NULL),
(73,	'elntfIVbmrqevE6N7uF1cgoxMjoU95',	'2021-09-09 10:30:01.699646',	'read write',	3,	7,	'2021-09-09 00:30:01.700019',	'2021-09-09 00:30:01.700029',	NULL,	NULL),
(74,	'KaDeoDEyri6UUevVm1F2wMcNh41bQQ',	'2021-09-09 17:42:41.262948',	'read write',	3,	7,	'2021-09-09 07:42:41.264422',	'2021-09-09 07:42:41.264432',	NULL,	NULL),
(75,	'i0cqERZ3ZDf06S4iiYDF6ADSYWnQwp',	'2021-09-09 19:50:33.017631',	'read write',	3,	7,	'2021-09-09 09:50:33.017986',	'2021-09-09 09:50:33.017997',	NULL,	NULL),
(78,	'r9b1nPTCWp7Am4U9doFVMrlhzXWRdt',	'2021-09-09 19:53:43.992151',	'read write',	3,	7,	'2021-09-09 09:53:44.011670',	'2021-09-09 09:53:44.011697',	77,	NULL),
(79,	'iBjWIpzOJ9EiZJPU3ldyq27dgjeq0L',	'2021-09-09 23:02:06.779926',	'read write',	3,	7,	'2021-09-09 13:02:06.780307',	'2021-09-09 13:02:06.780317',	NULL,	NULL),
(80,	'TROCJYMxRcGS7FM4Kr2EgLYJtB8pCZ',	'2021-09-10 00:21:45.781180',	'read write',	3,	7,	'2021-09-09 14:21:45.781496',	'2021-09-09 14:21:45.781506',	NULL,	NULL),
(81,	'B5smKhZzGBQ1JNWcJzy6kajhC51eVq',	'2021-09-10 00:33:59.194680',	'read write',	3,	7,	'2021-09-09 14:33:59.194993',	'2021-09-09 14:33:59.195003',	NULL,	NULL),
(82,	'LQViHP1sl895804c4Q5W2SxNE05jxQ',	'2021-09-10 00:36:15.638206',	'read write',	3,	7,	'2021-09-09 14:36:15.638513',	'2021-09-09 14:36:15.638524',	NULL,	NULL),
(83,	'CaxHobOXC8fGH2EXIV8D3lD22alHOo',	'2021-09-10 11:45:39.471690',	'read write',	3,	7,	'2021-09-10 01:45:39.472057',	'2021-09-10 01:45:39.472068',	NULL,	NULL),
(84,	'RituvHAbkEAlnfw7et6Cjq2uzOXLnE',	'2021-09-10 12:00:24.834343',	'read write',	3,	7,	'2021-09-10 02:00:24.834661',	'2021-09-10 02:00:24.834671',	NULL,	NULL),
(85,	'a0YsGLn3Popuw3OnRuQOMLOMNTU31W',	'2021-09-10 12:09:58.389582',	'read write',	3,	7,	'2021-09-10 02:09:58.390181',	'2021-09-10 02:09:58.390201',	NULL,	NULL),
(88,	'vqrFVsejMSBwrjNR1baiNRBIG6dqcF',	'2021-09-11 03:16:37.947117',	'read write',	3,	7,	'2021-09-10 17:16:37.947424',	'2021-09-10 17:16:37.947434',	NULL,	NULL),
(90,	'BJhzArmPJqbyZCFt0FD6fJ6MdFHtO6',	'2021-09-11 12:38:53.697107',	'read write',	3,	7,	'2021-09-11 02:38:53.697438',	'2021-09-11 02:38:53.697448',	NULL,	NULL),
(91,	'bpEalfWYrs0cZQxH5TAnttJFRI4BrC',	'2021-09-11 12:49:14.989070',	'read write',	3,	7,	'2021-09-11 02:49:14.989399',	'2021-09-11 02:49:14.989409',	NULL,	NULL),
(92,	'zFG4AzFwnPpHzQHjvso3wdB20vDbZp',	'2021-09-11 13:01:12.664731',	'read write',	3,	7,	'2021-09-11 03:01:12.666132',	'2021-09-11 03:01:12.666162',	NULL,	NULL),
(93,	'GQsFgjsfOoiWqROHvfvd8QCHNP6YxF',	'2021-09-11 13:02:06.050529',	'read write',	3,	7,	'2021-09-11 03:02:06.052032',	'2021-09-11 03:02:06.052127',	NULL,	NULL),
(94,	'hm4x2wMWeCSbXaRRFUakrIiz9LsaIS',	'2021-09-11 13:02:56.888242',	'read write',	3,	7,	'2021-09-11 03:02:56.889588',	'2021-09-11 03:02:56.889618',	NULL,	NULL),
(95,	'11JymQG4DQ1ubfgdYpS26qpTO9Gc5I',	'2021-09-11 13:10:22.160233',	'read write',	3,	7,	'2021-09-11 03:10:22.161124',	'2021-09-11 03:10:22.161159',	NULL,	NULL),
(96,	'EBSSgS62W2chkYC3nLXqgcbCvJrm8t',	'2021-09-11 13:21:04.187787',	'read write',	3,	7,	'2021-09-11 03:21:04.188648',	'2021-09-11 03:21:04.188677',	NULL,	NULL),
(97,	'TrrRIh0Sgp6ZbpnDEkZqLgHBBjMGoK',	'2021-09-11 13:25:04.977644',	'read write',	3,	7,	'2021-09-11 03:25:04.979063',	'2021-09-11 03:25:04.979103',	NULL,	NULL),
(98,	'3eVZnXhZfkxbufkJ9jng248Ni5Gm7K',	'2021-09-11 13:25:54.543622',	'read write',	3,	7,	'2021-09-11 03:25:54.544629',	'2021-09-11 03:25:54.544658',	NULL,	NULL),
(99,	'B3rvTj0V5vjJ3dyuQB778CFK3sy1X8',	'2021-09-11 16:00:55.485117',	'read write',	3,	7,	'2021-09-11 06:00:55.486215',	'2021-09-11 06:00:55.486245',	NULL,	NULL),
(100,	'eqoDbz9dlvAh8o4ucXvvs4GvBNBkEj',	'2021-09-11 16:04:11.952061',	'read write',	3,	7,	'2021-09-11 06:04:11.952772',	'2021-09-11 06:04:11.952800',	NULL,	NULL),
(101,	'WPcU3Ki8NwwTU7F8RLYn5MON8m1xAp',	'2021-09-11 16:06:11.522319',	'read write',	3,	7,	'2021-09-11 06:06:11.523273',	'2021-09-11 06:06:11.523320',	NULL,	NULL),
(102,	'ICbSAv0PobUnyeXUaL0n4LJzvlxEBr',	'2021-09-11 16:12:28.499832',	'read write',	3,	7,	'2021-09-11 06:12:28.500542',	'2021-09-11 06:12:28.500570',	NULL,	NULL),
(103,	'de023uLECW5b51hexKeDrITEjQ46jk',	'2021-09-11 16:12:30.024998',	'read write',	3,	7,	'2021-09-11 06:12:30.025830',	'2021-09-11 06:12:30.025858',	NULL,	NULL),
(104,	'Td835UYNnOVQNkyw4q32w0hI8vqn77',	'2021-09-11 16:28:13.256730',	'read write',	3,	7,	'2021-09-11 06:28:13.257697',	'2021-09-11 06:28:13.257725',	NULL,	NULL),
(105,	'f0WZyI9EcaplcXlD6p9M84TgIVhHYw',	'2021-09-11 16:35:08.324027',	'read write',	3,	7,	'2021-09-11 06:35:08.324753',	'2021-09-11 06:35:08.324782',	NULL,	NULL),
(106,	'JAowGGz89pEj6ZSinQHiv40FVHxeDM',	'2021-09-11 16:37:17.295926',	'read write',	3,	7,	'2021-09-11 06:37:17.296642',	'2021-09-11 06:37:17.296670',	NULL,	NULL),
(107,	'aAdYoibHXsQ6fAyV6ZiQVXFYfZ4gep',	'2021-09-11 16:41:45.152848',	'read write',	3,	7,	'2021-09-11 06:41:45.154277',	'2021-09-11 06:41:45.154308',	NULL,	NULL),
(108,	'sYfZAOHW92ZMl374AGognfJJZzvte3',	'2021-09-11 16:43:43.866860',	'read write',	3,	7,	'2021-09-11 06:43:43.867615',	'2021-09-11 06:43:43.867643',	NULL,	NULL),
(109,	'68QFg8zDsDUTwzjNWwjT0D3Pq4aQBV',	'2021-09-11 16:45:12.147722',	'read write',	3,	7,	'2021-09-11 06:45:12.148418',	'2021-09-11 06:45:12.148446',	NULL,	NULL),
(110,	'MXGxMiR4Zmya7As38nRY5u2mUvApOY',	'2021-09-11 16:46:21.053493',	'read write',	3,	7,	'2021-09-11 06:46:21.054943',	'2021-09-11 06:46:21.054975',	NULL,	NULL),
(111,	'twLIqFQtCgLa3TuhA6y3gBSgvnAT9l',	'2021-09-11 16:50:23.958702',	'read write',	3,	7,	'2021-09-11 06:50:23.959803',	'2021-09-11 06:50:23.959831',	NULL,	NULL),
(112,	'ZXopV613bKXvaBuvYylL69HyLnf343',	'2021-09-11 16:53:54.845189',	'read write',	3,	7,	'2021-09-11 06:53:54.845875',	'2021-09-11 06:53:54.845902',	NULL,	NULL),
(113,	'GWVxnbArX8YcliUCx0sqgHOiW9EXHY',	'2021-09-11 17:09:28.101501',	'read write',	3,	7,	'2021-09-11 07:09:28.102221',	'2021-09-11 07:09:28.102252',	NULL,	NULL),
(114,	'cAm3KsXtT5pEP381ozhow17UVQLufR',	'2021-09-11 17:09:29.600775',	'read write',	3,	7,	'2021-09-11 07:09:29.601595',	'2021-09-11 07:09:29.601625',	NULL,	NULL),
(115,	'vQnqEGlRbWouNTyq0pyCt7VFMDpXP8',	'2021-09-11 17:20:55.558539',	'read write',	3,	7,	'2021-09-11 07:20:55.559614',	'2021-09-11 07:20:55.559643',	NULL,	NULL),
(116,	'F8F5PwDrvvcBEPfNp1vLrL0iDJYqsu',	'2021-09-12 19:46:30.584532',	'read write',	3,	7,	'2021-09-12 09:46:30.586084',	'2021-09-12 09:46:30.586122',	NULL,	NULL),
(117,	'1LqpfCpMvnjkDLf6hxetDlbIDwEnGR',	'2021-09-13 15:12:06.013472',	'read write',	3,	7,	'2021-09-13 05:12:06.015719',	'2021-09-13 05:12:06.015756',	NULL,	NULL),
(118,	'NynPetLnoxlmFnddiSdNSnGCU87bPF',	'2021-09-14 17:04:36.358053',	'read write',	3,	7,	'2021-09-14 07:04:36.386428',	'2021-09-14 07:04:36.386472',	89,	NULL),
(119,	'p9PUdALPPiTAZNT6IXZXSF1735c0Qn',	'2021-09-15 02:27:08.058072',	'read write',	3,	7,	'2021-09-14 16:27:08.058429',	'2021-09-14 16:27:08.058439',	NULL,	NULL),
(120,	'ux5VtvGty1Jdx9uilJGp387uWaFV8p',	'2021-09-15 02:28:38.168585',	'read write',	3,	7,	'2021-09-14 16:28:38.168866',	'2021-09-14 16:28:38.168876',	NULL,	NULL),
(121,	'k7ggWHrYcgfK8LAgOO6Ahv4FFoPMpm',	'2021-09-15 02:43:38.222121',	'read write',	3,	7,	'2021-09-14 16:43:38.222428',	'2021-09-14 16:43:38.222437',	NULL,	NULL),
(123,	'8yTJriRlwb1RuQyp78iptWYnc5OjK0',	'2021-09-15 13:13:57.103160',	'read write',	3,	7,	'2021-09-15 03:13:57.118555',	'2021-09-15 03:13:57.118565',	122,	NULL),
(124,	'qRX9fEbiuzfrfy9Cmf5bgZSkwlxeid',	'2021-09-15 13:49:04.739173',	'read write',	3,	7,	'2021-09-15 03:49:04.739482',	'2021-09-15 03:49:04.739492',	NULL,	NULL),
(125,	'LvAsg7Hk1K0YzvjWxMDMaEh0gUKmsO',	'2021-09-15 13:50:19.869355',	'read write',	3,	7,	'2021-09-15 03:50:19.869616',	'2021-09-15 03:50:19.869627',	NULL,	NULL),
(126,	'dVysKD2krAVjxBgLiYjZ67Zo3ZdmbB',	'2021-09-15 13:51:57.987122',	'read write',	3,	7,	'2021-09-15 03:51:57.987413',	'2021-09-15 03:51:57.987423',	NULL,	NULL),
(127,	'yDKpxXiM7UPKGP4KTcl2yZDN9KTdbU',	'2021-09-15 13:52:54.835603',	'read write',	3,	7,	'2021-09-15 03:52:54.835888',	'2021-09-15 03:52:54.835897',	NULL,	NULL),
(128,	'f0XZzYbQCXnpBB7zpUVHl0sligRMD0',	'2021-09-15 14:09:30.029543',	'read write',	3,	7,	'2021-09-15 04:09:30.029842',	'2021-09-15 04:09:30.029852',	NULL,	NULL),
(129,	'bYj24GXn16Y9rYRvtl7X44oV0t9HMt',	'2021-09-15 14:09:58.421380',	'read write',	3,	7,	'2021-09-15 04:09:58.421682',	'2021-09-15 04:09:58.421692',	NULL,	NULL),
(130,	'kv2d0MvSGAUJhPiVGWwBTSf4jDChXq',	'2021-09-15 16:04:12.846002',	'read write',	3,	7,	'2021-09-15 06:04:12.846414',	'2021-09-15 06:04:12.846424',	NULL,	NULL),
(131,	'SfAa7xc692ZZ7LJNWf1A8HxUx9UZsP',	'2021-09-15 16:09:31.691868',	'read write',	3,	7,	'2021-09-15 06:09:31.692185',	'2021-09-15 06:09:31.692195',	NULL,	NULL),
(132,	'7BOhHbMSgfLNZy7moBDblresnQLhMn',	'2021-09-15 17:09:09.327644',	'read write',	3,	7,	'2021-09-15 07:09:09.327947',	'2021-09-15 07:09:09.327957',	NULL,	NULL),
(133,	'n4bJS5OHYqT0LtSgxUhlhfLlCbGdLR',	'2021-09-15 19:07:31.839445',	'read write',	3,	16,	'2021-09-15 09:07:31.839776',	'2021-09-15 09:07:31.839786',	NULL,	NULL),
(134,	'ecDeYX2PmWlPeEULc5jfXWaTxnuI2j',	'2021-09-15 19:11:54.756289',	'read write',	3,	16,	'2021-09-15 09:11:54.756570',	'2021-09-15 09:11:54.756580',	NULL,	NULL),
(135,	'QNjWEJqYi6dHZwoJMalsynZdnRzPpm',	'2021-09-15 19:32:48.730872',	'read write',	3,	16,	'2021-09-15 09:32:48.731238',	'2021-09-15 09:32:48.731248',	NULL,	NULL),
(136,	'kePvB3TiLBxK8WRGZFBjRrHxVNy51B',	'2021-09-15 19:47:43.119704',	'read write',	3,	7,	'2021-09-15 09:47:43.120071',	'2021-09-15 09:47:43.120081',	NULL,	NULL),
(137,	'jicdRhnDmdee1Y5YIlaQgt6q4sVCfO',	'2021-09-15 19:56:37.310609',	'read write',	3,	16,	'2021-09-15 09:56:37.310917',	'2021-09-15 09:56:37.310927',	NULL,	NULL),
(138,	'DvRatd5aPKNkjaprSygpIb4qmtd9Yk',	'2021-09-15 20:15:32.563542',	'read write',	3,	17,	'2021-09-15 10:15:32.563937',	'2021-09-15 10:15:32.563946',	NULL,	NULL),
(139,	'oTtwf0W8Qf2w3mSjfvpdCwaqOzbIjT',	'2021-09-15 22:35:15.431273',	'read write',	3,	7,	'2021-09-15 12:35:15.431647',	'2021-09-15 12:35:15.431658',	NULL,	NULL),
(141,	'u9jcHkXGVfgIhAJNHXnDX6kTFy7mf8',	'2021-09-16 18:53:30.043587',	'read write',	3,	7,	'2021-09-16 08:53:30.044609',	'2021-09-16 08:53:30.044637',	NULL,	NULL),
(142,	'34gZGYaXF1hjKIqCzwljNC0eg0UAwr',	'2021-09-16 22:50:35.790418',	'read write',	3,	16,	'2021-09-16 12:50:35.806885',	'2021-09-16 12:50:35.806899',	140,	NULL),
(144,	'0r3SQOd0H4vuNt70r4ILT1o9JvH9mt',	'2021-09-17 02:44:39.670123',	'read write',	3,	16,	'2021-09-16 16:44:39.670914',	'2021-09-16 16:44:39.670925',	NULL,	NULL),
(145,	'hmC6R3Hmfbfa6jmSU5tteQ0lRiDfXl',	'2021-09-17 16:52:17.998129',	'read write',	3,	7,	'2021-09-17 06:52:18.018906',	'2021-09-17 06:52:18.018920',	143,	NULL),
(146,	'zn4Dq7OGbsFxsNFklFm3Nhq2nkc4jX',	'2021-09-17 18:23:35.751889',	'read write',	3,	7,	'2021-09-17 08:23:35.752255',	'2021-09-17 08:23:35.752265',	NULL,	NULL),
(147,	'bU7S8dErhnr8B5r5L9xLbWAasKgrb1',	'2021-09-17 19:45:27.853730',	'read write',	3,	16,	'2021-09-17 09:45:27.854091',	'2021-09-17 09:45:27.854101',	NULL,	NULL),
(148,	'BAFkUKWbM1AyezYzcnIwdXkIvz2vpE',	'2021-09-17 20:16:43.014824',	'read write',	3,	7,	'2021-09-17 10:16:43.015797',	'2021-09-17 10:16:43.015824',	NULL,	NULL),
(150,	'vX0IKEN9RZM30iAuyElt61KEOYE0xN',	'2021-09-18 19:03:36.281237',	'read write',	3,	7,	'2021-09-18 09:03:36.281599',	'2021-09-18 09:03:36.281610',	NULL,	NULL),
(151,	'tBhBA2tjrMSSyeL8wcuFjCPb7c0phf',	'2021-09-18 19:04:45.348666',	'read write',	3,	7,	'2021-09-18 09:04:45.349027',	'2021-09-18 09:04:45.349039',	NULL,	NULL),
(153,	'0g8O6mIv4mihdem16rPCbnTtrdR07t',	'2021-09-18 20:28:15.456296',	'read write',	3,	7,	'2021-09-18 10:28:15.457338',	'2021-09-18 10:28:15.457367',	NULL,	NULL),
(154,	'HzaUPazmxiKFRDsLlQIjkrrqUjs58v',	'2021-09-18 20:28:28.526794',	'read write',	3,	16,	'2021-09-18 10:28:28.527483',	'2021-09-18 10:28:28.527511',	NULL,	NULL),
(155,	'LlPHLjfD8ECbzWSvKYgTDf08K0WAv0',	'2021-09-18 20:57:56.932769',	'read write',	3,	16,	'2021-09-18 10:57:56.933287',	'2021-09-18 10:57:56.933299',	NULL,	NULL),
(157,	'9SdqRMkranwhQEzTn5fUY3xgQMemKD',	'2021-09-20 11:18:08.530755',	'read write',	3,	7,	'2021-09-20 01:18:08.543266',	'2021-09-20 01:18:08.543281',	156,	NULL),
(158,	'Z7wIsNRjCMZ7V2HAHZM9vyaf1ZNdSf',	'2021-09-20 11:22:24.843956',	'read write',	3,	16,	'2021-09-20 01:22:24.844271',	'2021-09-20 01:22:24.844282',	NULL,	NULL),
(159,	'AcQVu8K1TWpcp8zudRFCqvI0wBPAt4',	'2021-09-20 11:22:38.670330',	'read write',	3,	7,	'2021-09-20 01:22:38.671041',	'2021-09-20 01:22:38.671052',	NULL,	NULL),
(160,	'taqPLmPul9CF8I69Dt1eZXqu7UCLHp',	'2021-09-20 18:40:02.500160',	'read write',	3,	7,	'2021-09-20 08:40:02.500530',	'2021-09-20 08:40:02.500540',	NULL,	NULL),
(161,	'kWjPZ61iTMdD0f5knGdBBOFI8FkV0v',	'2021-09-20 18:50:00.038428',	'read write',	3,	16,	'2021-09-20 08:50:00.039513',	'2021-09-20 08:50:00.039525',	NULL,	NULL),
(162,	'BXxcI5ptvOHa9ySKI5rGAuqrwnUpjK',	'2021-09-20 19:25:58.531763',	'read write',	3,	7,	'2021-09-20 09:25:58.532064',	'2021-09-20 09:25:58.532075',	NULL,	NULL),
(164,	'9S9fb43CmMf3BZTwj30ZgFOyCnv8cs',	'2021-09-21 10:35:58.222184',	'read write',	3,	7,	'2021-09-21 00:35:58.234999',	'2021-09-21 00:35:58.235018',	163,	NULL),
(165,	'xQvSeRXhdcvjiAWsfOZDca6TyM0abB',	'2021-09-21 19:06:58.886686',	'read write',	3,	7,	'2021-09-21 09:06:58.887073',	'2021-09-21 09:06:58.887083',	NULL,	NULL),
(166,	'69WigL2jCaL1IDBhWtF0t8eY5lEGml',	'2021-09-21 19:22:29.457124',	'read write',	3,	7,	'2021-09-21 09:22:29.457430',	'2021-09-21 09:22:29.457440',	NULL,	NULL),
(168,	'KonT8mSZ8DaOJQreIcPxNzzoY5SANQ',	'2021-09-23 13:44:09.554066',	'read write',	3,	7,	'2021-09-23 03:44:09.563618',	'2021-09-23 03:44:09.563629',	167,	NULL),
(169,	'V67CciBTymVT7PMtn1ELDoPuGlLyA6',	'2021-09-23 14:23:00.365143',	'read write',	3,	7,	'2021-09-23 04:23:00.365514',	'2021-09-23 04:23:00.365525',	NULL,	NULL),
(170,	'ZgsjZkq5yGVCYwbtfdnpWWanOylvGA',	'2021-09-23 14:23:16.384013',	'read write',	3,	16,	'2021-09-23 04:23:16.384750',	'2021-09-23 04:23:16.384765',	NULL,	NULL),
(171,	'2lXS08omBNcISExXAOoEMW7R84e6vN',	'2021-09-23 19:13:14.269016',	'read write',	3,	16,	'2021-09-23 09:13:14.269492',	'2021-09-23 09:13:14.269503',	NULL,	NULL),
(172,	'GAp1JFCBtIxdfsxn0XpwSudXiq0Nwb',	'2021-09-23 19:48:36.885069',	'read write',	3,	16,	'2021-09-23 09:48:36.885661',	'2021-09-23 09:48:36.885676',	NULL,	NULL),
(173,	'ebjrZF6o6wNESsPwnhENkdBlNw5Dbh',	'2021-09-23 19:49:37.178606',	'read write',	3,	16,	'2021-09-23 09:49:37.178956',	'2021-09-23 09:49:37.178966',	NULL,	NULL),
(174,	'mlXg7QT7Hry5EEvtpiHGlysF2VLCLg',	'2021-09-23 19:50:04.908230',	'read write',	3,	16,	'2021-09-23 09:50:04.908650',	'2021-09-23 09:50:04.908661',	NULL,	NULL),
(175,	'5mDFGYtRQgykSbWsbh38Mtwayn5fh6',	'2021-09-24 01:00:11.405470',	'read write',	3,	7,	'2021-09-23 15:00:11.405847',	'2021-09-23 15:00:11.405857',	NULL,	NULL),
(176,	'HButONIqqfNeGXe1pG9ciGdqpsGCoe',	'2021-09-24 13:18:21.856338',	'read write',	3,	7,	'2021-09-24 03:18:21.856733',	'2021-09-24 03:18:21.856743',	NULL,	NULL),
(177,	'i0w0DGMiZRmvkuyLRIFngPbW93Xmcc',	'2021-09-25 18:58:15.219821',	'read write',	3,	7,	'2021-09-25 08:58:15.221479',	'2021-09-25 08:58:15.221511',	NULL,	NULL),
(178,	'dC33dmUGwvVEdOLNOciYzGJ6VbETr6',	'2021-09-26 01:44:49.292890',	'read write',	3,	7,	'2021-09-25 15:44:49.293834',	'2021-09-25 15:44:49.293862',	NULL,	NULL),
(179,	'JsfuiqVfIuRRndMcc3O9WjLpEoraK2',	'2021-09-26 11:43:51.910644',	'read write',	3,	7,	'2021-09-26 01:43:51.911525',	'2021-09-26 01:43:51.911553',	NULL,	NULL),
(180,	'FpcLj1AsdTdsWxLQOtKUxWDY2T51V4',	'2021-09-26 11:45:53.149965',	'read write',	3,	7,	'2021-09-26 01:45:53.150563',	'2021-09-26 01:45:53.150590',	NULL,	NULL),
(184,	'Ib0LXfEPvEI6ajH52eWelRhRjbcLk8',	'2021-09-27 23:04:39.512023',	'read write',	3,	7,	'2021-09-27 13:04:39.521560',	'2021-09-27 13:04:39.521572',	183,	NULL),
(185,	'l9F5HDhzCRarInLIgeWlXZvTnJ0CDM',	'2021-09-27 23:17:48.888299',	'read write',	3,	16,	'2021-09-27 13:17:48.888626',	'2021-09-27 13:17:48.888636',	NULL,	NULL),
(186,	'tyxiEMX3OFACRzwthAGlWeyR0J6mpc',	'2021-09-27 23:19:16.289998',	'read write',	3,	16,	'2021-09-27 13:19:16.290319',	'2021-09-27 13:19:16.290329',	NULL,	NULL),
(187,	'6JKUy8N36AaeBM3gw37yOyFiOuEAoP',	'2021-09-28 01:24:19.263922',	'read write',	3,	7,	'2021-09-27 15:24:19.264638',	'2021-09-27 15:24:19.264649',	NULL,	NULL),
(188,	'ithT3mqEhgpFl3TUbiO8DPRPSiyz9P',	'2021-09-28 03:16:30.019617',	'read write',	3,	16,	'2021-09-27 17:16:30.020527',	'2021-09-27 17:16:30.020555',	NULL,	NULL),
(189,	'bbDTcygrYQCUXK9NQsK3xTfQslU7Aa',	'2021-09-28 03:16:30.331462',	'read write',	3,	16,	'2021-09-27 17:16:30.332189',	'2021-09-27 17:16:30.332217',	NULL,	NULL),
(190,	'agC9LtdkqdFCPeKSIt3X5vxXidvAQa',	'2021-09-28 03:32:28.385259',	'read write',	3,	7,	'2021-09-27 17:32:28.386082',	'2021-09-27 17:32:28.386109',	NULL,	NULL),
(191,	'V5VnB0XkDOqS7MVTfY5n0hLjvVDG7i',	'2021-09-28 03:41:05.192807',	'read write',	3,	7,	'2021-09-27 17:41:05.193510',	'2021-09-27 17:41:05.193537',	NULL,	NULL),
(192,	'HiIvoExjDVWck7OdrZxaOM3bLM9uGE',	'2021-09-28 03:42:54.092859',	'read write',	3,	16,	'2021-09-27 17:42:54.093586',	'2021-09-27 17:42:54.093614',	NULL,	NULL),
(193,	'xpwN2kL6Sj6UG3A6YaTKmj1hqa2dOD',	'2021-09-28 03:48:39.874005',	'read write',	3,	7,	'2021-09-27 17:48:39.875355',	'2021-09-27 17:48:39.875385',	NULL,	NULL),
(195,	'XMgyVlwtkjfredIclPg4pbEUjo2tVq',	'2021-09-28 03:53:32.356656',	'read write',	3,	7,	'2021-09-27 17:53:32.368148',	'2021-09-27 17:53:32.368167',	182,	NULL),
(197,	'pW1YR6orzWsNzOX46al8jPdMipJOzP',	'2021-09-28 12:44:35.278444',	'read write',	3,	7,	'2021-09-28 02:44:35.278814',	'2021-09-28 02:44:35.278825',	NULL,	NULL),
(198,	'Vmfz7tGjJMjti5lkJ5ZQ5GZbd9Lb0S',	'2021-09-28 13:49:43.823146',	'read write',	3,	7,	'2021-09-28 03:49:43.841529',	'2021-09-28 03:49:43.841560',	194,	NULL),
(199,	'AUn6JZBIVNCqoOaPqjkvcMKkqu9PW3',	'2021-09-28 14:08:41.251984',	'read write',	3,	7,	'2021-09-28 04:08:41.252641',	'2021-09-28 04:08:41.252669',	NULL,	NULL),
(200,	'4avDAXmtQrU6tmhsEqGMaVfniD48XU',	'2021-09-28 14:10:36.257687',	'read write',	3,	16,	'2021-09-28 04:10:36.258423',	'2021-09-28 04:10:36.258452',	NULL,	NULL),
(202,	't2GdbOhDfbsanJdixz4aQdE7k2u2vK',	'2021-09-28 17:28:15.367050',	'read write',	3,	7,	'2021-09-28 07:28:15.380961',	'2021-09-28 07:28:15.380987',	201,	NULL),
(203,	'aYFz1HJ2WRPB42Wgd63TIiQplWa7lG',	'2021-09-28 18:36:53.556783',	'read write',	3,	7,	'2021-09-28 08:36:53.557117',	'2021-09-28 08:36:53.557128',	NULL,	NULL),
(206,	'OPpQPFrHkit5bPteHs6sbwsA6FW98f',	'2021-09-29 12:13:46.531323',	'read write',	3,	7,	'2021-09-29 02:13:46.542292',	'2021-09-29 02:13:46.542302',	205,	NULL),
(207,	'p56bQwf9wsPpetBUBZiDOjMZYWu3VS',	'2021-09-29 12:17:42.488527',	'read write',	3,	7,	'2021-09-29 02:17:42.488824',	'2021-09-29 02:17:42.488834',	NULL,	NULL),
(211,	'9ab4zFZ2h2WHFME4pZ0HMk8xqUiW6F',	'2021-09-30 13:05:51.125321',	'read write',	3,	7,	'2021-09-30 03:05:51.163466',	'2021-09-30 03:05:51.163509',	210,	NULL),
(212,	'bFEuuCjMOO1qtyQ2LNyczNJJx0sPza',	'2021-09-30 13:09:35.077859',	'read write',	3,	7,	'2021-09-30 03:09:35.085272',	'2021-09-30 03:09:35.085283',	209,	NULL),
(214,	'n72Jg3xsLugEO4CitSuvFqX8ZHXUDZ',	'2021-09-30 17:56:25.294111',	'read write',	3,	7,	'2021-09-30 07:56:25.295173',	'2021-09-30 07:56:25.295202',	NULL,	NULL),
(215,	'KKWv2fq9KMT0rFTe2trqYC47aLKXme',	'2021-09-30 18:19:14.100337',	'read write',	3,	16,	'2021-09-30 08:19:14.101652',	'2021-09-30 08:19:14.101681',	NULL,	NULL),
(217,	'jLDEGUgH31w6b9kd2jLl4m30qZGwdV',	'2021-10-05 00:19:55.298308',	'read write',	3,	16,	'2021-10-04 14:19:55.298861',	'2021-10-04 14:19:55.298872',	NULL,	NULL),
(218,	'tcr770e557nukBF1xGxcNdPVFcbptL',	'2021-10-11 12:59:00.970146',	'read write',	3,	7,	'2021-10-11 02:59:00.987452',	'2021-10-11 02:59:00.987496',	216,	NULL),
(219,	'sSKJOBweZ1ntOs1ZFQcYC7NAKXm2S2',	'2021-10-11 13:55:12.937298',	'read write',	3,	7,	'2021-10-11 03:55:12.937582',	'2021-10-11 03:55:12.937593',	NULL,	NULL),
(220,	'oyvTUaRnGji0LkwbOwkMbWq4zwNGOm',	'2021-10-11 13:56:28.474401',	'read write',	3,	7,	'2021-10-11 03:56:28.474698',	'2021-10-11 03:56:28.474709',	NULL,	NULL),
(222,	'S5FsGdgO1PSLcokdSMQWUc9I7DU9bj',	'2021-10-12 12:35:40.920386',	'read write',	3,	7,	'2021-10-12 02:35:40.920820',	'2021-10-12 02:35:40.920831',	NULL,	NULL),
(223,	'rnV0bABCO1q5oPsGhZYnpn4N7Z2pWi',	'2021-10-12 12:35:42.954262',	'read write',	3,	7,	'2021-10-12 02:35:42.954552',	'2021-10-12 02:35:42.954563',	NULL,	NULL),
(224,	'46xAWT6qRqoOJuMnzdbenqfTEC98KQ',	'2021-10-12 12:47:30.813313',	'read write',	3,	7,	'2021-10-12 02:47:30.813617',	'2021-10-12 02:47:30.813627',	NULL,	NULL),
(225,	'dDRdm9xRz0ocIYR9h1QsAyyXeFtp04',	'2021-10-13 12:57:29.467527',	'read write',	3,	7,	'2021-10-13 02:57:29.483989',	'2021-10-13 02:57:29.484009',	221,	NULL),
(226,	'3SsM74IdGZ0fM0qmQ0xZ6Jm8wOinVL',	'2021-10-14 00:43:00.837787',	'read write',	3,	7,	'2021-10-13 14:43:00.839131',	'2021-10-13 14:43:00.839162',	NULL,	NULL),
(227,	'K2bYS9xSX1ge8FnL5PL8MOEI6SAGI3',	'2021-10-14 01:11:20.567350',	'read write',	3,	18,	'2021-10-13 15:11:27.401002',	'2021-10-13 15:11:27.401125',	NULL,	NULL),
(229,	'jDl6MrkgBfmPviRr62pNEcyV3PNG8A',	'2021-10-14 11:19:23.756806',	'read write',	3,	18,	'2021-10-14 01:19:23.778292',	'2021-10-14 01:19:23.778319',	228,	NULL),
(230,	'ya6JWAWaOyStpZnGcRKvGbk0zkONb3',	'2021-10-14 12:47:44.360254',	'read write',	3,	18,	'2021-10-14 02:47:44.363871',	'2021-10-14 02:47:44.363921',	NULL,	NULL),
(231,	'kZmuSoCYYxwzsFJT8wpnFpZzFjxokQ',	'2021-10-14 12:51:34.444091',	'read write',	3,	18,	'2021-10-14 02:51:34.445585',	'2021-10-14 02:51:34.445634',	NULL,	NULL),
(232,	'c6oWmHNXlmWwQxCtLjmdPDknTRaGum',	'2021-10-14 12:54:24.736843',	'read write',	3,	18,	'2021-10-14 02:54:24.738251',	'2021-10-14 02:54:24.738295',	NULL,	NULL),
(233,	'ySDEqjeYWAulP12Jz76ftutZreyHCV',	'2021-10-14 13:04:56.163494',	'read write',	3,	7,	'2021-10-14 03:04:56.163803',	'2021-10-14 03:04:56.163814',	NULL,	NULL),
(234,	'C3fqDpHPEGnNnb3NmilCidEBBZmLDL',	'2021-10-14 13:17:50.185949',	'read write',	3,	18,	'2021-10-14 03:17:50.188971',	'2021-10-14 03:17:50.189009',	NULL,	NULL),
(235,	'NjCQzlOg4f7aUyEdCxRFIRFMmeOoiX',	'2021-10-14 13:46:20.748341',	'read write',	3,	7,	'2021-10-14 03:46:20.749200',	'2021-10-14 03:46:20.749227',	NULL,	NULL),
(236,	'df1ugpfGDFs7OvPLdRVaUrWRNzvacv',	'2021-10-14 14:11:04.101598',	'read write',	3,	18,	'2021-10-14 04:11:04.104675',	'2021-10-14 04:11:04.104706',	NULL,	NULL),
(237,	'vOxoV3gmYwXQ2OcYYsW5g1y6fjUxTw',	'2021-10-14 14:11:19.783267',	'read write',	3,	7,	'2021-10-14 04:11:19.783931',	'2021-10-14 04:11:19.783957',	NULL,	NULL),
(238,	'FxCra1nID3iVFmkwlG5Lq2WMh7dJfD',	'2021-10-14 14:13:17.899996',	'read write',	3,	7,	'2021-10-14 04:13:17.900946',	'2021-10-14 04:13:17.900974',	NULL,	NULL),
(239,	'QTvOvfJQC8WPm6YI4rgPZ3tMUOuI5M',	'2021-10-14 14:15:09.225580',	'read write',	3,	16,	'2021-10-14 04:15:09.226657',	'2021-10-14 04:15:09.226688',	NULL,	NULL),
(240,	'izL4THsFfnb5AGaRFy1L1JwcJvzJ7U',	'2021-10-14 14:15:38.558915',	'read write',	3,	16,	'2021-10-14 04:15:38.559781',	'2021-10-14 04:15:38.559809',	NULL,	NULL),
(241,	'QvZBa1QeyVd3cGcY6sz7OIYufBu9cq',	'2021-10-14 17:19:15.394225',	'read write',	3,	7,	'2021-10-14 07:19:15.395433',	'2021-10-14 07:19:15.395467',	NULL,	NULL),
(242,	'KK9x7uqIEyy2iqYrSinFGqYobi4Jcv',	'2021-10-14 17:45:53.063902',	'read write',	3,	18,	'2021-10-14 07:45:53.066334',	'2021-10-14 07:45:53.066367',	NULL,	NULL),
(244,	'o1pOykeMzbwIqcTLgMYWrZzMIYQ0bz',	'2021-10-14 18:14:23.132472',	'read write',	3,	7,	'2021-10-14 08:14:23.132913',	'2021-10-14 08:14:23.132924',	NULL,	NULL),
(245,	'wFghxJcUUldVmjWmtwrd9SvkOK4Fl4',	'2021-10-14 18:18:22.435821',	'read write',	3,	7,	'2021-10-14 08:18:22.436197',	'2021-10-14 08:18:22.436209',	NULL,	NULL),
(246,	'rSu7fXw23jvMtbJdNmmDvFqhf0k2Md',	'2021-10-14 18:24:39.437783',	'read write',	3,	7,	'2021-10-14 08:24:39.438108',	'2021-10-14 08:24:39.438119',	NULL,	NULL),
(247,	'L1jHMjDik8VE3xBpsPuX7Nu3Hkx0Pp',	'2021-10-14 18:27:26.578721',	'read write',	3,	7,	'2021-10-14 08:27:26.579025',	'2021-10-14 08:27:26.579036',	NULL,	NULL),
(248,	'vXzULD84K65SfaNirUJMtsVlGVcuH7',	'2021-10-14 18:33:22.466881',	'read write',	3,	16,	'2021-10-14 08:33:22.467458',	'2021-10-14 08:33:22.467473',	NULL,	NULL),
(249,	'0kVtCF60wfI7NJUcPR6abxVbLkOYYg',	'2021-10-14 18:36:07.826185',	'read write',	3,	16,	'2021-10-14 08:36:07.826502',	'2021-10-14 08:36:07.826511',	NULL,	NULL),
(250,	'K1tbnPLshqwGSMlj0xbizZRWBcAI22',	'2021-10-14 18:37:24.429760',	'read write',	3,	7,	'2021-10-14 08:37:24.430090',	'2021-10-14 08:37:24.430100',	NULL,	NULL),
(251,	'uvh2NuuUSxlmEtE5rUi8WI6fc7Xmps',	'2021-10-14 18:38:56.173059',	'read write',	3,	7,	'2021-10-14 08:38:56.174064',	'2021-10-14 08:38:56.174076',	NULL,	NULL),
(252,	'v9jN1HgmQiZQMCm8kZK9HuMxJKtA5h',	'2021-10-14 18:39:37.198769',	'read write',	3,	7,	'2021-10-14 08:39:37.199152',	'2021-10-14 08:39:37.199168',	NULL,	NULL),
(253,	'SL6Qfv1mwXlQgaNritDKo0P4pIJ8jw',	'2021-10-14 19:03:42.745318',	'read write',	3,	7,	'2021-10-14 09:03:42.745614',	'2021-10-14 09:03:42.745624',	NULL,	NULL),
(254,	'w8o2QE2nQyDqNMWRpE0FRtOkYoyblI',	'2021-10-14 19:22:31.266475',	'read write',	3,	7,	'2021-10-14 09:22:31.266900',	'2021-10-14 09:22:31.266911',	NULL,	NULL),
(255,	'7RydpqMYdrQNYI9zR7WK6LzMrscWhc',	'2021-10-14 19:24:19.851151',	'read write',	3,	7,	'2021-10-14 09:24:19.851445',	'2021-10-14 09:24:19.851454',	NULL,	NULL),
(256,	'wAi6b9p2e9Ok65Ln1Rd2C07YVI3UKA',	'2021-10-14 19:29:34.276004',	'read write',	3,	7,	'2021-10-14 09:29:34.276311',	'2021-10-14 09:29:34.276321',	NULL,	NULL),
(257,	'HfaaLOj4FfXbyx7uZVM81vEg4W6u8p',	'2021-10-15 11:03:33.732975',	'read write',	3,	7,	'2021-10-15 01:03:33.733407',	'2021-10-15 01:03:33.733417',	NULL,	NULL),
(258,	'O9mcZywrXfi6kK2J5WhN4Vc3jLvZXb',	'2021-10-15 11:07:33.884634',	'read write',	3,	16,	'2021-10-15 01:07:33.884927',	'2021-10-15 01:07:33.884938',	NULL,	NULL),
(259,	'70RFCF2kauKCQpxh50qj6T8xoTyaEe',	'2021-10-15 12:11:57.729503',	'read write',	3,	7,	'2021-10-15 02:11:57.730003',	'2021-10-15 02:11:57.730014',	NULL,	NULL),
(260,	'4d4deDxjOwsUszzHbHO9c3ykiscN5Y',	'2021-10-15 13:41:34.339942',	'read write',	3,	7,	'2021-10-15 03:41:34.340348',	'2021-10-15 03:41:34.340358',	NULL,	NULL),
(261,	'aTZaPrWlXIVf9ekllqxf2VLQAh0mzq',	'2021-10-15 20:09:22.502717',	'read write',	3,	19,	'2021-10-15 10:09:22.503250',	'2021-10-15 10:09:22.503267',	NULL,	NULL),
(262,	'jPNWVVQ7YR3niYPuxzlH8A2n4fsObA',	'2021-10-15 20:17:52.647796',	'read write',	3,	7,	'2021-10-15 10:17:52.658508',	'2021-10-15 10:17:52.658520',	243,	NULL),
(264,	'o11aqumRzwRmZIP3wYQKMBV7n497vt',	'2021-10-16 00:38:42.192841',	'read write',	3,	18,	'2021-10-15 14:38:42.194127',	'2021-10-15 14:38:42.194141',	NULL,	NULL),
(265,	'gSpVTgkwTzvaSt3bgRs5RuW6u8Dbys',	'2021-10-16 00:40:15.784716',	'read write',	3,	7,	'2021-10-15 14:40:15.785011',	'2021-10-15 14:40:15.785021',	NULL,	NULL),
(266,	'6x0SbVZRTeinxpk64XOtPi4mvFisVt',	'2021-10-16 00:51:18.896010',	'read write',	3,	16,	'2021-10-15 14:51:18.896337',	'2021-10-15 14:51:18.896347',	NULL,	NULL),
(267,	'tyfVH8jWKr7CZxWg4iQv6NS180R42w',	'2021-10-16 00:52:31.118706',	'read write',	3,	16,	'2021-10-15 14:52:31.119391',	'2021-10-15 14:52:31.119407',	NULL,	NULL),
(268,	'h6AQ2kkl8j4DpBzfJbdAqhCJHESxno',	'2021-10-16 00:54:49.090269',	'read write',	3,	7,	'2021-10-15 14:54:49.090615',	'2021-10-15 14:54:49.090626',	NULL,	NULL),
(269,	'TAHqyIZH9RXOPPN7t2GUNuSnncKNAN',	'2021-10-16 01:07:00.295800',	'read write',	3,	7,	'2021-10-15 15:07:00.296135',	'2021-10-15 15:07:00.296145',	NULL,	NULL),
(270,	'vjWpA6IrXaAjM1aGqu3MJQvlaFbU8R',	'2021-10-16 01:20:37.442592',	'read write',	3,	7,	'2021-10-15 15:20:37.442959',	'2021-10-15 15:20:37.442969',	NULL,	NULL),
(271,	'ohx3tTG0WSJ5rbLFuME4Y3jh7j0Jqr',	'2021-10-16 11:08:40.337211',	'read write',	3,	7,	'2021-10-16 01:08:40.353660',	'2021-10-16 01:08:40.353671',	263,	NULL),
(272,	'c0sloSHaL3TSHDDLqObbgFI4yADM0n',	'2021-10-16 11:23:44.921671',	'read write',	3,	18,	'2021-10-16 01:23:44.925692',	'2021-10-16 01:23:44.925775',	NULL,	NULL),
(273,	'eV73rfURVT2FcyxXRXsGMMzn7UzocK',	'2021-10-16 11:24:30.219407',	'read write',	3,	18,	'2021-10-16 01:24:30.220852',	'2021-10-16 01:24:30.220897',	NULL,	NULL),
(274,	'pRvSD8mkhLiABFmSXI6nQdONSuJwap',	'2021-10-16 11:24:53.623925',	'read write',	3,	7,	'2021-10-16 01:24:53.624249',	'2021-10-16 01:24:53.624260',	NULL,	NULL),
(275,	'Ap8mNK52ND8vcUz1yfMtXgfntNknM6',	'2021-10-16 11:29:30.512298',	'read write',	3,	16,	'2021-10-16 01:29:30.512917',	'2021-10-16 01:29:30.512942',	NULL,	NULL),
(276,	'MXrn6g9c0OhhTsdI941fulAg2Frx90',	'2021-10-16 11:30:54.900787',	'read write',	3,	18,	'2021-10-16 01:30:54.902329',	'2021-10-16 01:30:54.902374',	NULL,	NULL),
(277,	'fCm9rLBHI8qddQuM886bn7Ygco5yro',	'2021-10-16 11:32:26.949762',	'read write',	3,	7,	'2021-10-16 01:32:26.950069',	'2021-10-16 01:32:26.950080',	NULL,	NULL),
(278,	'Wno1TD6JpNi8BzWJQo8K3OpiM1omcP',	'2021-10-16 11:35:27.056114',	'read write',	3,	18,	'2021-10-16 01:35:27.057602',	'2021-10-16 01:35:27.057664',	NULL,	NULL),
(279,	'RBHadyiOvICruwrya11XFVVzOGq7de',	'2021-10-16 11:40:40.747040',	'read write',	3,	7,	'2021-10-16 01:40:40.747386',	'2021-10-16 01:40:40.747399',	NULL,	NULL),
(280,	'rnaJC1QSe0SeGJDzSDplBlkO6inysc',	'2021-10-16 11:41:05.365497',	'read write',	3,	16,	'2021-10-16 01:41:05.365840',	'2021-10-16 01:41:05.365850',	NULL,	NULL),
(281,	's4gx8JQyt3yhrjabv8xpkRd5LLoOhl',	'2021-10-16 11:41:17.242557',	'read write',	3,	16,	'2021-10-16 01:41:17.242882',	'2021-10-16 01:41:17.242894',	NULL,	NULL);

TRUNCATE `oauth2_provider_application`;
INSERT INTO `oauth2_provider_application` (`id`, `client_id`, `redirect_uris`, `client_type`, `authorization_grant_type`, `client_secret`, `name`, `user_id`, `skip_authorization`, `created`, `updated`, `algorithm`) VALUES
(3,	'TPLrxQE8mF9slRzevZSNbNCLQXDSSbJrnIprMCNM',	'',	'confidential',	'password',	'QRHKVKgNnYo8GmwvxUfFtJRAtvtoLTD4mDoNtWzxulgFhrY8rssWssFglvAvZxZpm2vHHBY2nIJDHETm3SOONxD0ADRKL0ald5Ip8hCoUeOAxQn8KipFFjkU64LlzlCQ',	'social-app',	1,	0,	'2021-08-30 09:13:44.257565',	'2021-08-30 09:13:44.257620',	'');

TRUNCATE `oauth2_provider_grant`;

TRUNCATE `oauth2_provider_idtoken`;

TRUNCATE `oauth2_provider_refreshtoken`;
INSERT INTO `oauth2_provider_refreshtoken` (`id`, `token`, `access_token_id`, `application_id`, `user_id`, `created`, `updated`, `revoked`) VALUES
(1,	'IW3ccfH5JbCSH3VGG92elqu8Vmo25O',	1,	3,	1,	'2021-08-30 09:44:53.402979',	'2021-08-30 09:44:53.402996',	NULL),
(2,	'wn7ogMMTLiApLLMIj7IXwzbZ3TYhsa',	2,	3,	7,	'2021-08-31 01:02:05.219779',	'2021-08-31 01:02:05.219804',	NULL),
(3,	'3G3ZV86kneIrbl6BqrC9q5ODJpP1Vr',	3,	3,	7,	'2021-08-31 08:40:40.971517',	'2021-08-31 08:40:40.971566',	NULL),
(4,	'sgjw1kETfvBWBdS4jezHGMr6lgwayh',	4,	3,	7,	'2021-09-01 02:29:38.853511',	'2021-09-01 02:29:38.853555',	NULL),
(5,	'a2eqChN5d8HE2kFgWFbXg6z4ODWj2N',	5,	3,	7,	'2021-09-01 08:40:39.846652',	'2021-09-01 08:40:39.846695',	NULL),
(6,	'Q5vHICnp864GymQcTUA541rNQSiYmV',	6,	3,	7,	'2021-09-01 09:36:59.113826',	'2021-09-01 09:36:59.113860',	NULL),
(7,	'GGHx6XSKH3ahi0QdXo42FFZbgVTDql',	7,	3,	7,	'2021-09-01 10:07:24.283066',	'2021-09-01 10:07:24.283094',	NULL),
(8,	'93GVWwDVBrxzhYdynqym3JZNL06k9G',	8,	3,	7,	'2021-09-01 10:10:29.451751',	'2021-09-01 10:10:29.451768',	NULL),
(9,	'17TrUEwwvfZ3f9C3mP5zWubd5rxAd9',	9,	3,	7,	'2021-09-01 10:11:13.482957',	'2021-09-01 10:11:13.482974',	NULL),
(10,	'2wuXUgyOziSckuk9tBDgZv3cW66XHl',	10,	3,	7,	'2021-09-01 10:11:26.209948',	'2021-09-01 10:11:26.209965',	NULL),
(11,	'HMLZYkEOs7be3GP17pORDDQjNXfRPS',	11,	3,	7,	'2021-09-01 10:15:53.259209',	'2021-09-01 10:15:53.259227',	NULL),
(12,	'CsqHmSGHULyhMgu4DxPz8EY2VOO7gC',	12,	3,	7,	'2021-09-02 01:14:34.876009',	'2021-09-02 01:14:34.876039',	NULL),
(13,	'UIJeAC6hco6qyi7neXIYBaDD9ed0S7',	13,	3,	7,	'2021-09-02 01:17:28.877344',	'2021-09-02 01:17:28.877373',	NULL),
(14,	'db3Y015ODzRwi0OoM9SdBkk5N25qsl',	14,	3,	7,	'2021-09-02 02:30:20.929311',	'2021-09-02 02:30:20.929350',	NULL),
(15,	'jK3f2I2aigQwPQisZeMHpMEw8043Fk',	15,	3,	7,	'2021-09-02 02:33:54.766368',	'2021-09-02 02:33:54.766415',	NULL),
(16,	'6jTlBSz3pWckizPzlB4m2EQZxjsQtH',	16,	3,	7,	'2021-09-02 04:24:29.717109',	'2021-09-02 04:24:29.717152',	NULL),
(17,	'SE7bMDABZK59CPm2Ba7y7LDFBbr8HB',	17,	3,	7,	'2021-09-02 06:47:38.142734',	'2021-09-02 06:47:38.142775',	NULL),
(18,	'QB17ttALwplNjI7AkPsYzwHa7SQLzL',	18,	3,	1,	'2021-09-02 06:55:39.739181',	'2021-09-02 06:55:39.739229',	NULL),
(19,	'hvO087BEBsaoCQrzecUgM2KKBXWzZ9',	19,	3,	7,	'2021-09-02 07:09:49.671591',	'2021-09-02 07:09:49.671630',	NULL),
(20,	'mkOI9ALiUvPO2kPRTnZGhdCMU4kAfB',	20,	3,	7,	'2021-09-02 07:17:32.938260',	'2021-09-02 07:17:32.938295',	NULL),
(21,	'1CGH8L2O22xputcSKyUnRbxAe7sIbu',	21,	3,	7,	'2021-09-02 07:19:18.583719',	'2021-09-02 07:19:18.583755',	NULL),
(22,	'SAlIe90L5DbsElyJtTGz7UXZedG00t',	22,	3,	7,	'2021-09-02 07:25:07.537108',	'2021-09-02 07:25:07.537144',	NULL),
(23,	'71T3UODSqNsDnZu4T2QQcpRwwvMEON',	23,	3,	1,	'2021-09-02 08:06:01.518720',	'2021-09-02 08:06:01.518759',	NULL),
(24,	'9YccHRNZMcYn0yi9XcMjr80BWMZiab',	24,	3,	1,	'2021-09-02 08:35:07.302385',	'2021-09-02 08:35:07.302432',	NULL),
(25,	'GX2drgA8Jk5madd170qgq0qZepRnFg',	25,	3,	7,	'2021-09-02 08:36:50.766782',	'2021-09-02 08:36:50.766799',	NULL),
(26,	'EIaNxi110TrCJ6W4nwXJhmU6IaL7b5',	26,	3,	7,	'2021-09-02 09:30:18.261768',	'2021-09-02 09:30:18.261813',	NULL),
(27,	'HOULY6WSfl4JubFwVa6dj5k2CYrC2R',	27,	3,	7,	'2021-09-02 10:10:45.346076',	'2021-09-02 10:10:45.346095',	NULL),
(28,	'ebr0mAVKHuet8MUQMJ5QICj9JTcPCJ',	28,	3,	7,	'2021-09-03 02:27:27.424864',	'2021-09-03 02:27:27.424903',	NULL),
(29,	'F4Bm1ejUa0gPXZKi13IpQn1nBwzxvZ',	29,	3,	7,	'2021-09-03 02:38:48.093688',	'2021-09-03 02:38:48.093706',	NULL),
(30,	'8R5Z0o7yCptznvoNoGJ1yKlbw9imgo',	30,	3,	7,	'2021-09-03 02:38:56.867861',	'2021-09-03 02:38:56.867886',	NULL),
(31,	'9KH4qekNb6n0ElbbezKVNQj1gdNNU4',	31,	3,	7,	'2021-09-03 03:36:03.187540',	'2021-09-03 03:36:03.187566',	NULL),
(32,	'Vau2onc7OPrr9SricjsnyUQnauesMw',	32,	3,	7,	'2021-09-03 07:02:11.293657',	'2021-09-03 07:02:11.293701',	NULL),
(33,	'sknjrhxvfJ4WRwSPQhNE9OIfv9A4Bl',	33,	3,	7,	'2021-09-03 07:03:00.272603',	'2021-09-03 07:03:00.272650',	NULL),
(34,	'aEWR7A6S0IDU7w0fREnYavoe9q84Wf',	34,	3,	7,	'2021-09-03 08:31:50.830172',	'2021-09-03 08:31:50.830218',	NULL),
(35,	'bBUYGtrhz18SpSMOBsFn2Epg7icYLH',	35,	3,	7,	'2021-09-03 08:58:51.291187',	'2021-09-03 08:58:51.291235',	NULL),
(36,	'UaU7NvQHtT2MxyGfuRqVtmVX8ARLAR',	36,	3,	7,	'2021-09-03 09:37:34.669437',	'2021-09-03 09:37:34.669485',	NULL),
(37,	'u4JaydJYNwNKkKzrpBWXxngcijfdMU',	37,	3,	7,	'2021-09-03 10:06:53.039509',	'2021-09-03 10:06:53.039556',	NULL),
(38,	'11tioZisjPMCiDG4HGoaN5X6IgrvLu',	38,	3,	7,	'2021-09-03 10:15:05.091805',	'2021-09-03 10:15:05.091850',	NULL),
(39,	'f8EPLq4ECt0pfyvybFMPBdTqmuhBR3',	39,	3,	7,	'2021-09-03 10:33:19.325794',	'2021-09-03 10:33:19.325836',	NULL),
(40,	'uvxs5HFj2mmyPJFqdniS9TpPkBXp7Q',	40,	3,	7,	'2021-09-03 13:29:55.552287',	'2021-09-03 13:29:55.552331',	NULL),
(41,	'Gm9ty1UpDFa9s5RrkvdqU8qsaBsf8b',	41,	3,	7,	'2021-09-04 00:34:58.605530',	'2021-09-04 00:34:58.605571',	NULL),
(42,	'94PhPekHM8UBpeoz9YjkReHvG2HfbS',	42,	3,	7,	'2021-09-04 02:36:58.867655',	'2021-09-04 02:36:58.867696',	NULL),
(43,	'CiFiSsYEBFFzTS3aHT4UXqvhk893Ak',	43,	3,	7,	'2021-09-04 03:00:36.136717',	'2021-09-04 03:00:36.136764',	NULL),
(44,	'ipgdQHQuEawBdsazVpyUKdOAp8FRvk',	44,	3,	7,	'2021-09-04 03:30:14.979258',	'2021-09-04 03:30:14.979305',	NULL),
(45,	'ZFwY4shgPHyJzdX4gyLR8qCn8winhu',	45,	3,	7,	'2021-09-04 04:17:24.603652',	'2021-09-04 04:17:24.603688',	NULL),
(46,	'xqnIccSNNXU4uraFLz1aZPulN08abk',	46,	3,	7,	'2021-09-04 12:15:17.830257',	'2021-09-04 12:15:17.830276',	NULL),
(47,	'0PkVUjlXfZOO5etTfHyYPCPRLiqScm',	47,	3,	7,	'2021-09-04 12:28:42.008810',	'2021-09-04 12:28:42.008827',	NULL),
(48,	'cGAeEj6VklLqXevRmOl53TwrONYkZd',	48,	3,	7,	'2021-09-05 01:58:09.873532',	'2021-09-05 01:58:09.873596',	NULL),
(49,	'qdiemrROHrTOVD0o6RRlP2mMnS9hAB',	49,	3,	7,	'2021-09-05 03:29:40.904622',	'2021-09-05 03:29:40.904669',	NULL),
(50,	'PcX3bBpPUW4oaXfuhppa4dQbvDPtg6',	50,	3,	7,	'2021-09-05 04:07:08.060319',	'2021-09-05 04:07:08.060366',	NULL),
(51,	'ifZSkwyGIHMRbiTXKr0A6xDhoyxVFj',	51,	3,	7,	'2021-09-05 04:17:45.714975',	'2021-09-05 04:17:45.715022',	NULL),
(52,	'BSCngDtPwMvpndrjXgCOt2xSBb6mOu',	52,	3,	7,	'2021-09-05 08:51:04.269241',	'2021-09-05 08:51:04.269265',	NULL),
(53,	'0E0iv2wARhF6z6RiTJTQMgR5yxof1k',	53,	3,	10,	'2021-09-05 09:00:27.444211',	'2021-09-05 09:00:27.444229',	NULL),
(54,	'ek14y3zi9Tapd6HD09rpxbnaYYewGv',	54,	3,	7,	'2021-09-07 01:40:54.088136',	'2021-09-07 01:40:54.088158',	NULL),
(55,	'EkKILLawc1ZouhkKQei0VaC0GmmGvn',	55,	3,	7,	'2021-09-07 14:31:07.117267',	'2021-09-07 14:31:07.117290',	NULL),
(56,	'l6GvpbhsGZaAtrNKKxmRhNtcS0PxtG',	56,	3,	7,	'2021-09-07 14:31:07.264530',	'2021-09-07 14:31:07.264546',	NULL),
(57,	'r0vwxzbg4fFahXRo0i50xRGrpcllou',	57,	3,	7,	'2021-09-07 14:31:07.424433',	'2021-09-07 14:31:07.424450',	NULL),
(58,	'41oQMbbC63Cs9T5919Fgaem0j8DJ6V',	58,	3,	7,	'2021-09-08 03:10:44.132708',	'2021-09-08 03:10:44.132726',	NULL),
(59,	'LCHGvKHyecBJufJxoPYBjAmgP9AlkS',	59,	3,	7,	'2021-09-08 03:16:58.805401',	'2021-09-08 03:16:58.805418',	NULL),
(60,	'PrkdaPbUzopFhWNBSa0iHlE3Z2VfvB',	60,	3,	7,	'2021-09-08 03:49:24.065391',	'2021-09-08 03:49:24.065407',	NULL),
(61,	'rHYa7iaJ10EdZexpUcXKilJIXlWXLs',	61,	3,	7,	'2021-09-08 03:52:33.649398',	'2021-09-08 03:52:33.649414',	NULL),
(62,	'DtbVSE00CkBmcQprg3ETqmhjtu3qKU',	62,	3,	7,	'2021-09-08 03:59:11.324869',	'2021-09-08 03:59:11.324885',	NULL),
(63,	'1b11MJvFH9gqX91jFhky4CmWvkERpF',	63,	3,	7,	'2021-09-08 03:59:12.428416',	'2021-09-08 03:59:12.428433',	NULL),
(64,	'PpUqn2Sir8dsGbmqKj3EGaRbrR95gf',	64,	3,	7,	'2021-09-08 06:29:19.740400',	'2021-09-08 06:29:19.740434',	NULL),
(65,	'bmxlc34R20UTUxPEZyadHpsCqmPgCh',	65,	3,	7,	'2021-09-08 06:30:51.764801',	'2021-09-08 06:30:51.764820',	NULL),
(66,	'zsBAPCEKe3jFSzwqVZFffxoSWApbGX',	66,	3,	7,	'2021-09-08 06:34:49.325621',	'2021-09-08 06:34:49.325644',	NULL),
(67,	'MKDucQKlDMsRdc6PK5gmQlweNZOp0N',	67,	3,	1,	'2021-09-08 08:17:35.418196',	'2021-09-08 08:17:35.418251',	NULL),
(68,	'zGAoTkBUvZSjVn8I8IK8XIAVBpu6g0',	68,	3,	7,	'2021-09-08 08:20:20.624240',	'2021-09-08 08:20:20.624256',	NULL),
(69,	'2J22XxgG0Xhz77LYOoYFqlOPXPS1Tg',	69,	3,	7,	'2021-09-08 15:39:02.973562',	'2021-09-08 15:39:02.973656',	NULL),
(70,	'SrmqFFFzy1OmR8aojBoCDSYnJRaoSf',	70,	3,	7,	'2021-09-08 16:16:32.127436',	'2021-09-08 16:16:32.127453',	NULL),
(71,	'RmHfrRJJh6I9IJdH6H6t8txRyw60is',	71,	3,	7,	'2021-09-08 16:53:23.277914',	'2021-09-08 16:53:23.277931',	NULL),
(72,	'feMLxLqM0dZcj7mZrdQU7epZTVIXVD',	72,	3,	7,	'2021-09-09 00:05:09.086275',	'2021-09-09 00:05:09.086293',	NULL),
(73,	'vuN7XvIefXsD2d0DHxglKFiPHHQ7RH',	73,	3,	7,	'2021-09-09 00:30:01.700871',	'2021-09-09 00:30:01.700888',	NULL),
(74,	'sLibAmWjmZI0R7312cd9YMIQAFGggN',	74,	3,	7,	'2021-09-09 07:42:41.274639',	'2021-09-09 07:42:41.274659',	NULL),
(75,	'2QTN3MxVgh11M4WOZVQ64tUrOakJxc',	75,	3,	7,	'2021-09-09 09:50:33.022117',	'2021-09-09 09:50:33.022167',	NULL),
(76,	'PM2yivASAvCiwNj2vZUKDfMQq9aEvE',	NULL,	3,	7,	'2021-09-09 09:51:07.611483',	'2021-09-09 09:52:18.434275',	'2021-09-09 09:52:18.434050'),
(77,	'JB0y89t28YFuqgekfhuOPv1UyoiDTN',	NULL,	3,	7,	'2021-09-09 09:52:18.438122',	'2021-09-09 09:53:44.009251',	'2021-09-09 09:53:44.009088'),
(78,	'n1zgnEFD7E5qUMpdCfUeoTryXbuxtk',	78,	3,	7,	'2021-09-09 09:53:44.013035',	'2021-09-09 09:53:44.013083',	NULL),
(79,	'eG1kDTAAZVe7G21NyqW4AcdgvwHpHn',	79,	3,	7,	'2021-09-09 13:02:06.786838',	'2021-09-09 13:02:06.786859',	NULL),
(80,	'O0DBmOnHhkXZ3wfr1em9kCWUDMndes',	80,	3,	7,	'2021-09-09 14:21:45.782250',	'2021-09-09 14:21:45.782267',	NULL),
(81,	'hgtiLlZnUrYlXFouvwlYqWJgt9jw41',	81,	3,	7,	'2021-09-09 14:33:59.195824',	'2021-09-09 14:33:59.195839',	NULL),
(82,	'F5OGgS4yq1jFQsWWcv9LgchvVOPirb',	82,	3,	7,	'2021-09-09 14:36:15.639216',	'2021-09-09 14:36:15.639232',	NULL),
(83,	'HTbeBGAZrVK8BsrQpsG32bURmON9CH',	83,	3,	7,	'2021-09-10 01:45:39.483863',	'2021-09-10 01:45:39.483881',	NULL),
(84,	'h6xOL0tCK4liroaq2bGt3GJdSdKYlC',	84,	3,	7,	'2021-09-10 02:00:24.835414',	'2021-09-10 02:00:24.835431',	NULL),
(85,	'GAXhzRrl9aBuZqtQocOlkqTdqnI8rx',	85,	3,	7,	'2021-09-10 02:09:58.391383',	'2021-09-10 02:09:58.391411',	NULL),
(86,	'Lwjf2yWF0NaztbndGfKLiF8naGy160',	NULL,	3,	7,	'2021-09-10 02:26:28.655231',	'2021-09-10 15:18:05.137573',	'2021-09-10 15:18:05.137261'),
(87,	'wUCJ8cApTovQfs3xqSvqIWQiUq0k2D',	NULL,	3,	7,	'2021-09-10 15:18:05.145013',	'2021-09-11 02:35:51.492477',	'2021-09-11 02:35:51.492154'),
(88,	'fXfFk2CnaRn0vczn1WqSUlGXQWKU5B',	88,	3,	7,	'2021-09-10 17:16:37.948174',	'2021-09-10 17:16:37.948192',	NULL),
(89,	'2LuuIoJxCaCEFKazoLyWkDQWLsnQSl',	NULL,	3,	7,	'2021-09-11 02:35:51.499562',	'2021-09-14 07:04:36.381748',	'2021-09-14 07:04:36.381403'),
(90,	'Cwi6b1xZVDAZXTskjnSIUp3PdEbaFr',	90,	3,	7,	'2021-09-11 02:38:53.698299',	'2021-09-11 02:38:53.698316',	NULL),
(91,	'0saVdbO9yO4gPkudzaLiY8oLX7Yxy4',	91,	3,	7,	'2021-09-11 02:49:14.990187',	'2021-09-11 02:49:14.990207',	NULL),
(92,	'5irwduHggD0w6GMnuqXbF57BD9p4mO',	92,	3,	7,	'2021-09-11 03:01:12.689957',	'2021-09-11 03:01:12.690003',	NULL),
(93,	'NftkxEJjIJrpHeHF878mvNKcwBzUAG',	93,	3,	7,	'2021-09-11 03:02:06.073510',	'2021-09-11 03:02:06.073556',	NULL),
(94,	'JcHEHdP4gocRxvu5TDdocrIJz4xc5x',	94,	3,	7,	'2021-09-11 03:02:56.911665',	'2021-09-11 03:02:56.911718',	NULL),
(95,	'gqVvjKrwGL3bvVP3qjIc0ZFQTKIG7X',	95,	3,	7,	'2021-09-11 03:10:22.181919',	'2021-09-11 03:10:22.181966',	NULL),
(96,	'3AIFNyzhrubtFXdAbdV7n417XdkpbF',	96,	3,	7,	'2021-09-11 03:21:04.209351',	'2021-09-11 03:21:04.209400',	NULL),
(97,	'csJc4CwhsjkqPA1Pko5K2fYAXXWUGd',	97,	3,	7,	'2021-09-11 03:25:05.009055',	'2021-09-11 03:25:05.009146',	NULL),
(98,	'3FpICoxPFTkKoPAO2GYxNeSDWodhwH',	98,	3,	7,	'2021-09-11 03:25:54.564923',	'2021-09-11 03:25:54.564968',	NULL),
(99,	'sk5pFWf3OFqezOieCM7qEcxHAHmVzq',	99,	3,	7,	'2021-09-11 06:00:55.518926',	'2021-09-11 06:00:55.518972',	NULL),
(100,	'LED2C10G6iI8O3c0ttbno1PxNx1ssm',	100,	3,	7,	'2021-09-11 06:04:11.973654',	'2021-09-11 06:04:11.973703',	NULL),
(101,	'g4Ht6lHEIsVaA6QfwqamGiJEgKjDXB',	101,	3,	7,	'2021-09-11 06:06:11.560657',	'2021-09-11 06:06:11.560703',	NULL),
(102,	'8tF1qmAlZJ08r8GgRTzHOGbr2ZuzVM',	102,	3,	7,	'2021-09-11 06:12:28.520636',	'2021-09-11 06:12:28.520682',	NULL),
(103,	'l8V1SBmPId3OELBdM9Lw0kQwwbmkSu',	103,	3,	7,	'2021-09-11 06:12:30.058880',	'2021-09-11 06:12:30.059004',	NULL),
(104,	'eUmWELrmoIQiOwxDTrCdmak8nuYOP4',	104,	3,	7,	'2021-09-11 06:28:13.278466',	'2021-09-11 06:28:13.278511',	NULL),
(105,	'CSzdu2FhQgimqlKGTj9QC4M6PpbObj',	105,	3,	7,	'2021-09-11 06:35:08.344877',	'2021-09-11 06:35:08.344923',	NULL),
(106,	'I7jBdk5UEUFK4wRdfNWoZlFichi0Dy',	106,	3,	7,	'2021-09-11 06:37:17.316797',	'2021-09-11 06:37:17.316843',	NULL),
(107,	'xmJu3iZRlv39XtQ4Q7gMQGg1o5MATm',	107,	3,	7,	'2021-09-11 06:41:45.175543',	'2021-09-11 06:41:45.175590',	NULL),
(108,	'UtU6sQCzZeECoo5x6sprj5Imv7f9Yl',	108,	3,	7,	'2021-09-11 06:43:43.889202',	'2021-09-11 06:43:43.889268',	NULL),
(109,	'npnzIznbzfGdTm1ovW9PWSn8UoEZmP',	109,	3,	7,	'2021-09-11 06:45:12.168268',	'2021-09-11 06:45:12.168313',	NULL),
(110,	'e6k2ckXgfD7XZFjiq8AMY4iwRwPhdl',	110,	3,	7,	'2021-09-11 06:46:21.076108',	'2021-09-11 06:46:21.076153',	NULL),
(111,	'eadfmLM3xFhf8P7yoXK0gCQjJHWv7u',	111,	3,	7,	'2021-09-11 06:50:23.980447',	'2021-09-11 06:50:23.980568',	NULL),
(112,	'QzyVE8MKLvUVvvcIiJbDymRQOrSY3i',	112,	3,	7,	'2021-09-11 06:53:54.865840',	'2021-09-11 06:53:54.865886',	NULL),
(113,	'nVu4LQmXxrzJ3Le1XUhr5S9JvApVMw',	113,	3,	7,	'2021-09-11 07:09:28.123171',	'2021-09-11 07:09:28.123249',	NULL),
(114,	'D4OGMXm7YzQSuO8HGaR6ARs5xz1w3L',	114,	3,	7,	'2021-09-11 07:09:29.636429',	'2021-09-11 07:09:29.636479',	NULL),
(115,	'50ICrNsL9daJqEjUMGltHaYkFmCUdO',	115,	3,	7,	'2021-09-11 07:20:55.580578',	'2021-09-11 07:20:55.580624',	NULL),
(116,	'QZEJ38GNSmv52iUSORQQWduHcDzkp3',	116,	3,	7,	'2021-09-12 09:46:30.610207',	'2021-09-12 09:46:30.610254',	NULL),
(117,	'eNOUXsP3IKCTrSUv1YeSNTrwu9O6Bi',	117,	3,	7,	'2021-09-13 05:12:06.058862',	'2021-09-13 05:12:06.058965',	NULL),
(118,	'hUuK92UBYFWcyDYmQ4KzflGwFrZGaW',	118,	3,	7,	'2021-09-14 07:04:36.388712',	'2021-09-14 07:04:36.388784',	NULL),
(119,	'lWqK6YaDijemXSn7uCqvGkQOZffhmJ',	119,	3,	7,	'2021-09-14 16:27:08.076829',	'2021-09-14 16:27:08.076855',	NULL),
(120,	'2F3PL6b5pMS3pAzhKzzwh36vGQ183p',	120,	3,	7,	'2021-09-14 16:28:38.169606',	'2021-09-14 16:28:38.169623',	NULL),
(121,	'TBJDdUKoFfboSQQK53LJGBjGySfB6T',	121,	3,	7,	'2021-09-14 16:43:38.223163',	'2021-09-14 16:43:38.223180',	NULL),
(122,	'68XlBhmK3mXVCuznkBfdOkauI4hFAo',	NULL,	3,	7,	'2021-09-14 16:47:18.934775',	'2021-09-15 03:13:57.115612',	'2021-09-15 03:13:57.115340'),
(123,	'QHSpUw4ayTNk66m7s8hsMPvZknqHEO',	123,	3,	7,	'2021-09-15 03:13:57.119500',	'2021-09-15 03:13:57.119541',	NULL),
(124,	'KdnDe129Axx1HXJJYWcDuUsZIomflv',	124,	3,	7,	'2021-09-15 03:49:04.740215',	'2021-09-15 03:49:04.740230',	NULL),
(125,	'HQYZ4plMUTBVe7fLHFm5gxdAolp6zB',	125,	3,	7,	'2021-09-15 03:50:19.870328',	'2021-09-15 03:50:19.870344',	NULL),
(126,	'1g7IJ8rZCHQNrYIdehS34BYkJxxNQT',	126,	3,	7,	'2021-09-15 03:51:57.988126',	'2021-09-15 03:51:57.988142',	NULL),
(127,	'm2WmoJ50EngdL64QqH4Vrtyp4Avpe9',	127,	3,	7,	'2021-09-15 03:52:54.836607',	'2021-09-15 03:52:54.836623',	NULL),
(128,	'WKWw3QSYHW5Moh1j1YEqyLukXOZqCs',	128,	3,	7,	'2021-09-15 04:09:30.030583',	'2021-09-15 04:09:30.030599',	NULL),
(129,	'3BFFubGcgtTH9CD6ourSx7iVdsuSGj',	129,	3,	7,	'2021-09-15 04:09:58.422466',	'2021-09-15 04:09:58.422484',	NULL),
(130,	'0nUd1W3fSDMg1ITTLlxKT6tZ44oY6b',	130,	3,	7,	'2021-09-15 06:04:12.848966',	'2021-09-15 06:04:12.848984',	NULL),
(131,	'k9xIcCumiPDlurPKG8YwYiDu6Xy2y6',	131,	3,	7,	'2021-09-15 06:09:31.693024',	'2021-09-15 06:09:31.693040',	NULL),
(132,	'YFv5jGtHJ8fp6yLE1kk79xnrwFki1J',	132,	3,	7,	'2021-09-15 07:09:09.328726',	'2021-09-15 07:09:09.328742',	NULL),
(133,	'BRU3Cn4fkru3D9WKxpW7QcG0jvSd3A',	133,	3,	16,	'2021-09-15 09:07:31.840546',	'2021-09-15 09:07:31.840563',	NULL),
(134,	'rpnf8fcHL85j9BBH8qVbidEmo2Puf7',	134,	3,	16,	'2021-09-15 09:11:54.757357',	'2021-09-15 09:11:54.757374',	NULL),
(135,	'8pU1xgK0ATTVpUaZXDZymzBvDg0eiW',	135,	3,	16,	'2021-09-15 09:32:48.733742',	'2021-09-15 09:32:48.733758',	NULL),
(136,	'JS1YdIIeBhAcozyI3MlzgYkcx2WzLG',	136,	3,	7,	'2021-09-15 09:47:43.120856',	'2021-09-15 09:47:43.120873',	NULL),
(137,	'7Mt6dhevAJpHAsqbboO3nH32RY18zr',	137,	3,	16,	'2021-09-15 09:56:37.311667',	'2021-09-15 09:56:37.311684',	NULL),
(138,	'nTlAALjoP2ZoZafci8huVFVQR4xsrb',	138,	3,	17,	'2021-09-15 10:15:32.564742',	'2021-09-15 10:15:32.564760',	NULL),
(139,	't6v3YRDAevtSnPoBq71YSTCDDnxS8h',	139,	3,	7,	'2021-09-15 12:35:15.433850',	'2021-09-15 12:35:15.433867',	NULL),
(140,	'xUDLlmE9rBYmSEJh52dWf9pShGjUOX',	NULL,	3,	16,	'2021-09-15 12:47:12.488088',	'2021-09-16 12:50:35.805229',	'2021-09-16 12:50:35.805099'),
(141,	'zDVaFPyNvQUniKAnRvKS43Lkf9T6bs',	141,	3,	7,	'2021-09-16 08:53:30.049542',	'2021-09-16 08:53:30.049653',	NULL),
(142,	'nIpodh4p7HWY7jXzxWsMVE9oPlDULi',	142,	3,	16,	'2021-09-16 12:50:35.807710',	'2021-09-16 12:50:35.807733',	NULL),
(143,	'pdjg4I7r8NZqR5KRdWWchFqxzTcJ4t',	NULL,	3,	7,	'2021-09-16 13:07:22.497891',	'2021-09-17 06:52:18.016008',	'2021-09-17 06:52:18.015859'),
(144,	'Dr2HIvh5HSwCFVsPMV3MGxuo5i3tea',	144,	3,	16,	'2021-09-16 16:44:39.673163',	'2021-09-16 16:44:39.673189',	NULL),
(145,	'mOxOUHVLKolWrU3hh8UW13OTiG9QuV',	145,	3,	7,	'2021-09-17 06:52:18.020131',	'2021-09-17 06:52:18.020156',	NULL),
(146,	'98if0OPSXtfbptO7d54EeWzGBDW5wt',	146,	3,	7,	'2021-09-17 08:23:35.758067',	'2021-09-17 08:23:35.758092',	NULL),
(147,	'I8cJRKfSXmo57zHxuXCOix5JerP3RL',	147,	3,	16,	'2021-09-17 09:45:27.865646',	'2021-09-17 09:45:27.865670',	NULL),
(148,	'4G5ojviDofSR9eMguPE7hatrLNwP28',	148,	3,	7,	'2021-09-17 10:16:43.017266',	'2021-09-17 10:16:43.017300',	NULL),
(149,	'fUbSqBdyBtwKr0Dz8Q0X5ErF98IEzK',	NULL,	3,	7,	'2021-09-17 14:40:39.324326',	'2021-09-18 10:27:35.983668',	'2021-09-18 10:27:35.983417'),
(150,	'57R2qnopBdSQijK8bOsjZWdJcn9eZy',	150,	3,	7,	'2021-09-18 09:03:36.288737',	'2021-09-18 09:03:36.288777',	NULL),
(151,	'pKL2DiZpWUmyvytJCmJ7AevIGSf9pI',	151,	3,	7,	'2021-09-18 09:04:45.350493',	'2021-09-18 09:04:45.350538',	NULL),
(152,	'gDWoJMpyDhtk1Jn2TQwQ3MTxvmYp5s',	NULL,	3,	7,	'2021-09-18 10:27:35.988252',	'2021-09-19 14:51:43.610011',	'2021-09-19 14:51:43.609671'),
(153,	'eRcrsVZoL4eLInB6X6qcf3XkfADYSi',	153,	3,	7,	'2021-09-18 10:28:15.459236',	'2021-09-18 10:28:15.459271',	NULL),
(154,	'CvKdDmcXcBpkbqkKq5oBdVVpAST9wj',	154,	3,	16,	'2021-09-18 10:28:28.528829',	'2021-09-18 10:28:28.528864',	NULL),
(155,	'krGLSfmmSi2hQAWW7SpvmfxXhlCqCz',	155,	3,	16,	'2021-09-18 10:57:56.934667',	'2021-09-18 10:57:56.934708',	NULL),
(156,	'T7OeeMeS245fRaEXqA1XxQBl5JDFND',	NULL,	3,	7,	'2021-09-19 14:51:43.617258',	'2021-09-20 01:18:08.541703',	'2021-09-20 01:18:08.541588'),
(157,	'e1SzWEkxRflorhSqjTN1AQX8o9FIn2',	157,	3,	7,	'2021-09-20 01:18:08.544196',	'2021-09-20 01:18:08.544221',	NULL),
(158,	'XoomLHngQ4nb6eghWfTIh8IOveYYlh',	158,	3,	16,	'2021-09-20 01:22:24.845179',	'2021-09-20 01:22:24.845195',	NULL),
(159,	'gaB0BnLZjcrJbFHZOpW4Vv5u3pBgD1',	159,	3,	7,	'2021-09-20 01:22:38.672278',	'2021-09-20 01:22:38.672303',	NULL),
(160,	'mrnpa0srJpL28cF3CosfsEcLTgQLHL',	160,	3,	7,	'2021-09-20 08:40:02.513443',	'2021-09-20 08:40:02.513468',	NULL),
(161,	'UximLpzMvx7dpZej2QAOh0zqdGpSw0',	161,	3,	16,	'2021-09-20 08:50:00.041209',	'2021-09-20 08:50:00.041229',	NULL),
(162,	'ldsVtKruiok0y4zgJOb19oMhP3GOXS',	162,	3,	7,	'2021-09-20 09:25:58.532769',	'2021-09-20 09:25:58.532787',	NULL),
(163,	'46Q7JESjdAzmRz1d3FKQ8H7r4jqVxg',	NULL,	3,	7,	'2021-09-20 09:26:00.201792',	'2021-09-21 00:35:58.232843',	'2021-09-21 00:35:58.232705'),
(164,	'Mp4EqLxp8Lm5A9le0wDb9dt0egbuDa',	164,	3,	7,	'2021-09-21 00:35:58.236011',	'2021-09-21 00:35:58.236042',	NULL),
(165,	'wTXt9HZoCTlLYoL0Tg3RMAbK6Kk9Y0',	165,	3,	7,	'2021-09-21 09:06:58.906889',	'2021-09-21 09:06:58.906914',	NULL),
(166,	'AM1a1OFQdBQyMxPtHNQCsDrMM3dRHc',	166,	3,	7,	'2021-09-21 09:22:29.458199',	'2021-09-21 09:22:29.458216',	NULL),
(167,	'n1JmLGIKPQlpElQV8Nb8XBXFn8nweH',	NULL,	3,	7,	'2021-09-21 09:26:33.663268',	'2021-09-23 03:44:09.562202',	'2021-09-23 03:44:09.562119'),
(168,	'KPw7QuYleTs2xuwaYZSbcwwlYm9E94',	168,	3,	7,	'2021-09-23 03:44:09.565077',	'2021-09-23 03:44:09.565105',	NULL),
(169,	'YFhWqOhNxO716t5sUZLFEyQb9i2eKq',	169,	3,	7,	'2021-09-23 04:23:00.366999',	'2021-09-23 04:23:00.367016',	NULL),
(170,	'L9B3Q70NEeyP9PoyuSOMK5IMzoNFTs',	170,	3,	16,	'2021-09-23 04:23:16.385877',	'2021-09-23 04:23:16.385903',	NULL),
(171,	'Kb2F4Ge0XVVcnn7W6q7jeFmLUsIfFr',	171,	3,	16,	'2021-09-23 09:13:14.272298',	'2021-09-23 09:13:14.272338',	NULL),
(172,	'zKlO0rLxiXo64YwJK9DGu9w2765vA0',	172,	3,	16,	'2021-09-23 09:48:36.888495',	'2021-09-23 09:48:36.888531',	NULL),
(173,	'VnSm7Sdf7V7bjnaRPD8tGozaXEQJcq',	173,	3,	16,	'2021-09-23 09:49:37.179714',	'2021-09-23 09:49:37.179731',	NULL),
(174,	'dz0RTaKCoHGyMURUU9V53xyghBAsjv',	174,	3,	16,	'2021-09-23 09:50:04.909641',	'2021-09-23 09:50:04.909666',	NULL),
(175,	'50PiAjxnP3tFhfUillPznfhNQRS02V',	175,	3,	7,	'2021-09-23 15:00:11.408093',	'2021-09-23 15:00:11.408111',	NULL),
(176,	'aB6HCLcElrapiK5rg56LzIds9HZKEO',	176,	3,	7,	'2021-09-24 03:18:21.876061',	'2021-09-24 03:18:21.876095',	NULL),
(177,	'KoNAsP4wK0iFABaNniTJIkCz3CVMFj',	177,	3,	7,	'2021-09-25 08:58:15.224936',	'2021-09-25 08:58:15.224977',	NULL),
(178,	'pcTkHrNMXOexUcgjG3C4e2FyMLjvPy',	178,	3,	7,	'2021-09-25 15:44:49.300771',	'2021-09-25 15:44:49.300815',	NULL),
(179,	'rU1fNbF4ZQChM32JvkftHVtrozrt9l',	179,	3,	7,	'2021-09-26 01:43:51.916230',	'2021-09-26 01:43:51.916272',	NULL),
(180,	'DDGuPTC3emkpn53TRJk8wt2WXBkfSw',	180,	3,	7,	'2021-09-26 01:45:53.151775',	'2021-09-26 01:45:53.151809',	NULL),
(181,	'2wtz0B5M9yiu2sZSEROfdl0weDZ1ns',	NULL,	3,	7,	'2021-09-26 08:53:50.073896',	'2021-09-27 02:23:23.941666',	'2021-09-27 02:23:23.941366'),
(182,	'c5lyRl7yEQShIqna2Bcbjv6oKfI451',	NULL,	3,	7,	'2021-09-27 02:23:23.948495',	'2021-09-27 17:53:32.366197',	'2021-09-27 17:53:32.366076'),
(183,	'McnlyN5qZkcc4SympXm7xIlxCo4SLX',	NULL,	3,	7,	'2021-09-27 02:37:05.368039',	'2021-09-27 13:04:39.519625',	'2021-09-27 13:04:39.519484'),
(184,	'AmZnuBqTYZib2VqbS0NTaqltoGQmrZ',	184,	3,	7,	'2021-09-27 13:04:39.522913',	'2021-09-27 13:04:39.522955',	NULL),
(185,	'Z3IQafTGz24sviU03z8w7M4e1LzCfF',	185,	3,	16,	'2021-09-27 13:17:48.889325',	'2021-09-27 13:17:48.889342',	NULL),
(186,	'Ak43Ox95rPysmMCZlTCnEDWNfeQzJV',	186,	3,	16,	'2021-09-27 13:19:16.291167',	'2021-09-27 13:19:16.291191',	NULL),
(187,	'iK8kIjrI4jlf9qPpErErW4oaQNvtOL',	187,	3,	7,	'2021-09-27 15:24:19.278261',	'2021-09-27 15:24:19.278332',	NULL),
(188,	'7bDJ3cJLix5MvkZEbVGu3TsVMvjCSH',	188,	3,	16,	'2021-09-27 17:16:30.022077',	'2021-09-27 17:16:30.022119',	NULL),
(189,	'5Q88qobw9JCCFn3HdsSc71qSptGKA1',	189,	3,	16,	'2021-09-27 17:16:30.333557',	'2021-09-27 17:16:30.333594',	NULL),
(190,	'hbc4H7R6gO09UbDC4VNwdGdJRzkZd7',	190,	3,	7,	'2021-09-27 17:32:28.387390',	'2021-09-27 17:32:28.387424',	NULL),
(191,	'6C4hGPy7Lo3vE2hvx5Vvpy09ml5Ns0',	191,	3,	7,	'2021-09-27 17:41:05.194833',	'2021-09-27 17:41:05.194878',	NULL),
(192,	'1Wn6FjS2iPdSvL7kkJVSxU54MPmn0D',	192,	3,	16,	'2021-09-27 17:42:54.095112',	'2021-09-27 17:42:54.095145',	NULL),
(193,	'cHPiPCVfbpy4l0CZcLLMXGtnJqQxvu',	193,	3,	7,	'2021-09-27 17:48:39.877542',	'2021-09-27 17:48:39.877587',	NULL),
(194,	'mdSZca4SxyjfKtG9Gyi5SFcZvwvgfl',	NULL,	3,	7,	'2021-09-27 17:49:39.901856',	'2021-09-28 03:49:43.838416',	'2021-09-28 03:49:43.838167'),
(195,	'2H1TCfWnCnmG4uMcK5cebfkQMIyvD6',	195,	3,	7,	'2021-09-27 17:53:32.372397',	'2021-09-27 17:53:32.372429',	NULL),
(196,	'hFWn9sHhGEVBUmiMUJygI5bI2ekI1u',	NULL,	3,	7,	'2021-09-27 17:53:43.013653',	'2021-09-28 07:28:14.762336',	'2021-09-28 07:28:14.762047'),
(197,	'5TYKfzGTYfBlrpAFFwUswvCv4Q8L7n',	197,	3,	7,	'2021-09-28 02:44:35.283860',	'2021-09-28 02:44:35.283895',	NULL),
(198,	'dQY1JzJkVK4wBKzi6Np2kUzyEOM95B',	198,	3,	7,	'2021-09-28 03:49:43.842919',	'2021-09-28 03:49:43.842958',	NULL),
(199,	'XHIfDFWMlqbycZ1DfHf9fwcsCvLtbP',	199,	3,	7,	'2021-09-28 04:08:41.253895',	'2021-09-28 04:08:41.253930',	NULL),
(200,	'VFKIsUAqv0fviymBhntcPHNW9nGPA6',	200,	3,	16,	'2021-09-28 04:10:36.259741',	'2021-09-28 04:10:36.259778',	NULL),
(201,	'1qV4UJuLrboTlkGQhiCS3fES8corR5',	NULL,	3,	7,	'2021-09-28 07:28:14.766587',	'2021-09-28 07:28:15.378703',	'2021-09-28 07:28:15.378550'),
(202,	'PsnUlZrUFkOr347hvv0CVBOr7wxDgM',	202,	3,	7,	'2021-09-28 07:28:15.382322',	'2021-09-28 07:28:15.382358',	NULL),
(203,	'HC1LVU8dazRjxJpaIOtkhFGsMQrcyN',	203,	3,	7,	'2021-09-28 08:36:53.557946',	'2021-09-28 08:36:53.557962',	NULL),
(204,	'5QClUAjGUOlsmVP68OPPVxgdt1DOss',	NULL,	3,	7,	'2021-09-28 08:39:43.518800',	'2021-09-29 16:19:14.293854',	'2021-09-29 16:19:14.293525'),
(205,	'QmljxLCFlzJKmXmORQkoC8Qhpok7BL',	NULL,	3,	7,	'2021-09-28 09:41:22.566264',	'2021-09-29 02:13:46.540898',	'2021-09-29 02:13:46.540795'),
(206,	'grxQLhRCSkOSqUNEEZqmOZaOCgr0rE',	206,	3,	7,	'2021-09-29 02:13:46.543025',	'2021-09-29 02:13:46.543044',	NULL),
(207,	'9zewZJFlBidwVrTmoT61RdUrBDDDde',	207,	3,	7,	'2021-09-29 02:17:42.489629',	'2021-09-29 02:17:42.489646',	NULL),
(208,	'5qnLVWuXfUe4vUqJjNJC0k3P3pd1Nc',	NULL,	3,	7,	'2021-09-29 02:17:42.734323',	'2021-09-29 13:32:53.650035',	'2021-09-29 13:32:53.649936'),
(209,	'9ibwaykKZRnHFLRV2IVce8WqXcreOn',	NULL,	3,	7,	'2021-09-29 13:32:53.652089',	'2021-09-30 03:09:35.083916',	'2021-09-30 03:09:35.083840'),
(210,	'rrBpNpm3R8k95i3E8nt1WqfFMKKZcS',	NULL,	3,	7,	'2021-09-29 16:19:14.304842',	'2021-09-30 03:05:51.158918',	'2021-09-30 03:05:51.158591'),
(211,	'QpnTKW1a9qFoARNrXJNkcWgBGTQTlU',	211,	3,	7,	'2021-09-30 03:05:51.165776',	'2021-09-30 03:05:51.165845',	NULL),
(212,	'E13qnjpLqMzQXepjRtULg2kRfvernU',	212,	3,	7,	'2021-09-30 03:09:35.086103',	'2021-09-30 03:09:35.086126',	NULL),
(213,	'Q7nUBTGMQIpDQu7yW8gDV4rU1Hm5DA',	NULL,	3,	7,	'2021-09-30 03:16:08.057815',	'2021-10-04 14:09:58.149171',	'2021-10-04 14:09:58.149043'),
(214,	'bJKjHdTsc4CFDeqvxtLMCoqPTeZ3GR',	214,	3,	7,	'2021-09-30 07:56:25.301571',	'2021-09-30 07:56:25.301606',	NULL),
(215,	'i19wM27WDh5a52C4nDYXHnX8aVWiSk',	215,	3,	16,	'2021-09-30 08:19:14.103293',	'2021-09-30 08:19:14.103328',	NULL),
(216,	'IWzc02uwgBwlQjmMuB5UfrQj3gvsat',	NULL,	3,	7,	'2021-10-04 14:09:58.152180',	'2021-10-11 02:59:00.982738',	'2021-10-11 02:59:00.982439'),
(217,	'lhzbI6RWzzNtNdVz8kktYGb8ecWYfH',	217,	3,	16,	'2021-10-04 14:19:55.299652',	'2021-10-04 14:19:55.299669',	NULL),
(218,	'Bl8KCpUV8aiUegWrGS7G7xp1YfVhMW',	218,	3,	7,	'2021-10-11 02:59:00.989762',	'2021-10-11 02:59:00.989832',	NULL),
(219,	'uLhco0aX6KVKp7cYelMNXHUc0kACfh',	219,	3,	7,	'2021-10-11 03:55:12.938336',	'2021-10-11 03:55:12.938353',	NULL),
(220,	'iaRg9lPRO388ZDLxzQLl5AyIWT2YHx',	220,	3,	7,	'2021-10-11 03:56:28.475436',	'2021-10-11 03:56:28.475452',	NULL),
(221,	'XXyhkhXtc8YPXn3LvKk7SnEJ5MhVW7',	NULL,	3,	7,	'2021-10-11 04:12:55.470331',	'2021-10-13 02:57:29.481979',	'2021-10-13 02:57:29.481816'),
(222,	'WgLKOPl1OUTPGhHV7WsECz9meq4FnX',	222,	3,	7,	'2021-10-12 02:35:40.933659',	'2021-10-12 02:35:40.933738',	NULL),
(223,	'rV76yRqu4uSFfjaqMSLqSig3Z2cKkv',	223,	3,	7,	'2021-10-12 02:35:42.955350',	'2021-10-12 02:35:42.955366',	NULL),
(224,	'9H9ZTRiQeelAQqctoNEBmlVGKcYzA4',	224,	3,	7,	'2021-10-12 02:47:30.814330',	'2021-10-12 02:47:30.814346',	NULL),
(225,	'lcyOUaO7A7dGFvGKADN5sxPtM41oEC',	225,	3,	7,	'2021-10-13 02:57:29.486527',	'2021-10-13 02:57:29.486583',	NULL),
(226,	'z5ddId5sQQLH2pALFBfJpaxflx6G5P',	226,	3,	7,	'2021-10-13 14:43:00.854560',	'2021-10-13 14:43:00.854663',	NULL),
(227,	'73CsaB4blok1dMVoGeIAsH670tg1RM',	227,	3,	18,	'2021-10-13 15:11:31.839124',	'2021-10-13 15:11:31.839216',	NULL),
(228,	'tPQ6oqudrCN2XmmnAHIcnn5YRFQfL5',	NULL,	3,	18,	'2021-10-13 15:16:37.956481',	'2021-10-14 01:19:23.773960',	'2021-10-14 01:19:23.773701'),
(229,	'7aY6n6oahz6sbXm0la7dOVOUycqUbt',	229,	3,	18,	'2021-10-14 01:19:23.780198',	'2021-10-14 01:19:23.780242',	NULL),
(230,	'fVpndlqdmMP1hV7ElNFOm6ilQJu0y3',	230,	3,	18,	'2021-10-14 02:47:44.379460',	'2021-10-14 02:47:44.379543',	NULL),
(231,	'R89WmbgG4itovvuGtQcopT4svsbh2q',	231,	3,	18,	'2021-10-14 02:51:34.471394',	'2021-10-14 02:51:34.471478',	NULL),
(232,	'JtYkwwHWUvmqay10p8s6iHQUMTSObJ',	232,	3,	18,	'2021-10-14 02:54:24.755394',	'2021-10-14 02:54:24.755477',	NULL),
(233,	'VfjLLxVeySPywtYX5Wl11WuJPc6lpm',	233,	3,	7,	'2021-10-14 03:04:56.164544',	'2021-10-14 03:04:56.164561',	NULL),
(234,	'Tj1gjWm5MT3x1zYgfDhkKONNZfrmTU',	234,	3,	18,	'2021-10-14 03:17:50.200159',	'2021-10-14 03:17:50.200206',	NULL),
(235,	'q57a1g5sDtxV5ZxgzVDtEGY1LywenK',	235,	3,	7,	'2021-10-14 03:46:20.750348',	'2021-10-14 03:46:20.750382',	NULL),
(236,	'mUPpaEsdgquWPVxHP0P0yH56NYxMYH',	236,	3,	18,	'2021-10-14 04:11:04.116413',	'2021-10-14 04:11:04.116454',	NULL),
(237,	'PmuUwJb0vK0plyZ54kXqsDyPeYah54',	237,	3,	7,	'2021-10-14 04:11:19.785173',	'2021-10-14 04:11:19.785207',	NULL),
(238,	'HhCS1Mh3asHEiToQtiudSMXGuv2lgQ',	238,	3,	7,	'2021-10-14 04:13:17.902315',	'2021-10-14 04:13:17.902352',	NULL),
(239,	'QKrS4eTvgNXscPMlLjNRLX50abVcjS',	239,	3,	16,	'2021-10-14 04:15:09.233411',	'2021-10-14 04:15:09.233456',	NULL),
(240,	'vFLpgXhk4b7cduF18WiPSfRPSDBfxF',	240,	3,	16,	'2021-10-14 04:15:38.561106',	'2021-10-14 04:15:38.561143',	NULL),
(241,	'sMgkikHxLZP8FXpnZkLFxY6wzgEIZh',	241,	3,	7,	'2021-10-14 07:19:15.403809',	'2021-10-14 07:19:15.403857',	NULL),
(242,	'4FU9zwVMNICViMh9Bdk440kd8H8OZd',	242,	3,	18,	'2021-10-14 07:45:53.078925',	'2021-10-14 07:45:53.078979',	NULL),
(243,	'zXBDXhZK4hLlDseIijkPJpuIgARoXP',	NULL,	3,	7,	'2021-10-14 07:58:34.911229',	'2021-10-15 10:17:52.656556',	'2021-10-15 10:17:52.656468'),
(244,	'DQ3QLB0yQWKSxvhA9eG0xTUHFYaZmM',	244,	3,	7,	'2021-10-14 08:14:23.211950',	'2021-10-14 08:14:23.212032',	NULL),
(245,	'FrDPFgfSexkclCHw04lxZj2mVr98EF',	245,	3,	7,	'2021-10-14 08:18:22.436962',	'2021-10-14 08:18:22.436981',	NULL),
(246,	'7coYlmon78BEOsl9ftCGAcLqTroD8T',	246,	3,	7,	'2021-10-14 08:24:39.438812',	'2021-10-14 08:24:39.438829',	NULL),
(247,	'Miw2Snjb6HsdL23BxbU7eRWarKhH8W',	247,	3,	7,	'2021-10-14 08:27:26.579763',	'2021-10-14 08:27:26.579779',	NULL),
(248,	'Jk4k88M1FWi2IoedoJm4yPPOK69Ktm',	248,	3,	16,	'2021-10-14 08:33:22.475310',	'2021-10-14 08:33:22.475335',	NULL),
(249,	'WK8KpoQDpzYR4fNVHHDfX1p3FcRyeY',	249,	3,	16,	'2021-10-14 08:36:07.831052',	'2021-10-14 08:36:07.831099',	NULL),
(250,	'Rb6h5mgcmOKzyt28SBxrF484NLoakB',	250,	3,	7,	'2021-10-14 08:37:24.430939',	'2021-10-14 08:37:24.430955',	NULL),
(251,	'2PrjQd2o9DR4xzkshrLy7SEuQBJuWF',	251,	3,	7,	'2021-10-14 08:38:56.174777',	'2021-10-14 08:38:56.174794',	NULL),
(252,	'aYf0QjRncp2fhWnxda9iF1DyIMr9bt',	252,	3,	7,	'2021-10-14 08:39:37.199931',	'2021-10-14 08:39:37.199946',	NULL),
(253,	'kMkJ0vxI0IDsWs6Nt8s1v0oB97axlO',	253,	3,	7,	'2021-10-14 09:03:42.750076',	'2021-10-14 09:03:42.750094',	NULL),
(254,	'2FDiDWQdv8Hvpvy96uKZZPcJEuf7Ac',	254,	3,	7,	'2021-10-14 09:22:31.272072',	'2021-10-14 09:22:31.272099',	NULL),
(255,	'irxLG2OYDhvXGVHBve0e9NbuLJhLfa',	255,	3,	7,	'2021-10-14 09:24:19.852277',	'2021-10-14 09:24:19.852295',	NULL),
(256,	'HlZGhItBQHkgem35UVmefKFV1VvlVG',	256,	3,	7,	'2021-10-14 09:29:34.277136',	'2021-10-14 09:29:34.277153',	NULL),
(257,	'u8F3k3lBeK0XsQQmBRccMT3iug0ene',	257,	3,	7,	'2021-10-15 01:03:33.745166',	'2021-10-15 01:03:33.745194',	NULL),
(258,	'GadsAcBc8QEmY9YZBPqXSWCJvjszB1',	258,	3,	16,	'2021-10-15 01:07:33.885693',	'2021-10-15 01:07:33.885710',	NULL),
(259,	'DJEFKg1PGfrZRiLJ17bj7lgCt05KNL',	259,	3,	7,	'2021-10-15 02:11:57.731329',	'2021-10-15 02:11:57.731347',	NULL),
(260,	'3ZGIF1SFP1X8mpbQfwXnUl4BBLAHbF',	260,	3,	7,	'2021-10-15 03:41:34.342989',	'2021-10-15 03:41:34.343007',	NULL),
(261,	'bQpWcnPyh1kkEJsGpe4MwKvu8KceDz',	261,	3,	19,	'2021-10-15 10:09:22.519729',	'2021-10-15 10:09:22.519769',	NULL),
(262,	'0fvUpX06owXpwp6bQHLDz2zDljjDzs',	262,	3,	7,	'2021-10-15 10:17:52.659209',	'2021-10-15 10:17:52.659227',	NULL),
(263,	'9l91AEwAAQO2mhZangxvUjYBlPvYF4',	NULL,	3,	7,	'2021-10-15 12:05:34.029964',	'2021-10-16 01:08:40.351451',	'2021-10-16 01:08:40.351289'),
(264,	'woZbj1QSrIk4z0a3doDIS2LWVCWzwS',	264,	3,	18,	'2021-10-15 14:38:42.211962',	'2021-10-15 14:38:42.212002',	NULL),
(265,	'SIpD487k3SwIBXoSq7KrisP2geJnXJ',	265,	3,	7,	'2021-10-15 14:40:15.785767',	'2021-10-15 14:40:15.785784',	NULL),
(266,	'SQ6PPwxrWqdi8v1m8mC92jL2pbNmNi',	266,	3,	16,	'2021-10-15 14:51:18.898877',	'2021-10-15 14:51:18.898902',	NULL),
(267,	'QsRWyen9elRlTbPQm68GX5eZD3ah2f',	267,	3,	16,	'2021-10-15 14:52:31.120527',	'2021-10-15 14:52:31.120544',	NULL),
(268,	'XENcYlz8m3uUppUjTEijGKCFndYAW7',	268,	3,	7,	'2021-10-15 14:54:49.092294',	'2021-10-15 14:54:49.092314',	NULL),
(269,	'8uneW8a4o9V8aH6bVQ3e276TLp3P47',	269,	3,	7,	'2021-10-15 15:07:00.297493',	'2021-10-15 15:07:00.297511',	NULL),
(270,	'nazLePFWUZaLTGpgYIMxpfYVrj3SvQ',	270,	3,	7,	'2021-10-15 15:20:37.451548',	'2021-10-15 15:20:37.451622',	NULL),
(271,	'EiH2FJgdkQXI2X3Dxn2KgxpcB2K41C',	271,	3,	7,	'2021-10-16 01:08:40.354417',	'2021-10-16 01:08:40.354434',	NULL),
(272,	'0TKhyq0GvRuKnbafWWASlbHGeY6xTD',	272,	3,	18,	'2021-10-16 01:23:44.940161',	'2021-10-16 01:23:44.940250',	NULL),
(273,	'cA0RVVj0H1hD4wc1urRP1s5z01DPo1',	273,	3,	18,	'2021-10-16 01:24:30.240480',	'2021-10-16 01:24:30.240822',	NULL),
(274,	'6T01Suhu0cs7v5McdZQz39nh5oNlVT',	274,	3,	7,	'2021-10-16 01:24:53.625010',	'2021-10-16 01:24:53.625026',	NULL),
(275,	'5LGRTgSXNGcDRuXl3iIVLfD0Hbkyv5',	275,	3,	16,	'2021-10-16 01:29:30.514482',	'2021-10-16 01:29:30.514524',	NULL),
(276,	'bBukjzSK4XnVm5rX6Y0MtI607Q8Qab',	276,	3,	18,	'2021-10-16 01:30:54.926478',	'2021-10-16 01:30:54.926561',	NULL),
(277,	'8bcdWHAfL0jTQ3xryqJosqikpzAPQE',	277,	3,	7,	'2021-10-16 01:32:26.950763',	'2021-10-16 01:32:26.950779',	NULL),
(278,	'oR83GcjkAtHpX4u7ge7pUnqrhBo91h',	278,	3,	18,	'2021-10-16 01:35:27.082266',	'2021-10-16 01:35:27.082378',	NULL),
(279,	'jNvYI077qIpRdqpE9LY1Z3LVcghItz',	279,	3,	7,	'2021-10-16 01:40:40.748240',	'2021-10-16 01:40:40.748260',	NULL),
(280,	'hTfTb0bce5p8x363rBQA5LgwAFoX33',	280,	3,	16,	'2021-10-16 01:41:05.366639',	'2021-10-16 01:41:05.366659',	NULL),
(281,	'5gbo1XEAvSmwOAw8wrqHYIUANUFWaB',	281,	3,	16,	'2021-10-16 01:41:17.243640',	'2021-10-16 01:41:17.243657',	NULL);

TRUNCATE `social_network_auction`;
INSERT INTO `social_network_auction` (`id`, `content`, `create_at`, `title`, `active`, `count_comment`, `base_price`, `condition`, `deadline`, `date_success`, `accept_price`, `status_auction`, `buyer_id`, `category_id`, `user_id`, `payment_method_id`) VALUES
(9,	'Vì dịch nên cần bán 1 căn chung cư ở khu đô thị Vinhome',	'2021-09-03 02:27:53.990976',	'Bán nhà',	1,	1,	1000000,	'Chỉ giao dịch trực tiếp, và bắt buộc trả trước trên 80% giá trị',	'2020-02-02 00:00:00.000000',	NULL,	0,	'fail',	NULL,	2,	7,	2),
(20,	'Sản phẩm này là sự chăm sóc của một người khác',	'2021-09-16 16:44:45.889996',	'Bán giá trị tinh thần',	1,	3,	10,	'Chỉ dành cho con nít',	'2021-12-30 00:00:00.000000',	'2021-09-26 09:39:26.189065',	30000,	'succ',	7,	5,	16,	1),
(21,	'chỉ mang tính minh họa',	'2021-09-19 15:51:53.465715',	'Tạo trên app',	1,	1,	200000,	'khong dk',	'2021-12-12 00:00:00.000000',	'2021-10-14 03:47:12.366399',	150000,	'succ',	16,	6,	7,	2),
(22,	'muôn bán càng nhanh cang tốt',	'2021-09-27 04:23:23.127304',	'bán đồ gia dụng',	1,	2,	100000,	'k có nhé',	'2020-12-01 00:00:00.000000',	NULL,	0,	'in process',	NULL,	6,	7,	2),
(23,	'Bài đấu giá thứ 4',	'2021-09-27 13:14:52.462476',	'Auto make Auction',	1,	0,	0,	'No condition',	'2021-09-27 13:14:17.000000',	NULL,	0,	'being auctioned',	NULL,	4,	6,	1),
(24,	'baif 1',	'2021-09-27 16:54:21.420633',	'tesst',	1,	0,	50000000,	'khong',	'2021-12-30 00:00:00.000000',	'2021-09-28 01:45:26.251916',	120000000,	'succ',	16,	4,	7,	1),
(25,	'test2',	'2021-09-27 17:47:23.868143',	'test2',	1,	1,	100000,	'no',	'2021-12-30 00:00:00.000000',	NULL,	0,	'in process',	NULL,	3,	16,	1),
(26,	'dùng test thôi ai mua thì bán nốt',	'2021-09-28 07:47:10.890257',	'Tạo thêm cái đấu giá nhé',	1,	1,	20000,	'không nhé',	'2020-12-10 00:00:00.000000',	'2021-10-14 03:45:41.097610',	50000,	'succ',	18,	5,	7,	1),
(27,	'Bai nay chi dung de test',	'2021-10-15 01:09:39.745992',	'Bai test',	1,	0,	1000,	'k co nhe',	'2020-12-10 00:00:00.000000',	NULL,	0,	'fail',	NULL,	5,	16,	2),
(28,	'test',	'2021-10-15 06:48:44.950840',	'test',	1,	0,	1000,	'no',	'2021-10-29 04:00:00.000000',	NULL,	0,	'being auctioned',	NULL,	3,	7,	2),
(29,	'Noi dung test',	'2021-10-15 10:04:19.876122',	'them bai test',	1,	0,	10000,	'khong',	'2021-10-29 05:03:00.000000',	NULL,	0,	'being auctioned',	NULL,	5,	7,	2),
(30,	'bài 1',	'2021-10-15 14:48:52.133583',	'ms thêm',	1,	0,	10000,	'no',	'2021-10-29 09:47:00.000000',	NULL,	0,	'being auctioned',	NULL,	5,	7,	1),
(31,	'đấu giá ',	'2021-10-16 01:27:01.611149',	'tao moi',	1,	2,	1000,	'không đk',	'2021-10-30 08:25:00.000000',	'2021-10-16 01:37:33.521836',	25000,	'succ',	18,	5,	7,	1);

TRUNCATE `social_network_auction_like`;
INSERT INTO `social_network_auction_like` (`id`, `auction_id`, `user_id`) VALUES
(37,	9,	7),
(26,	20,	7),
(27,	21,	7),
(32,	21,	16),
(29,	22,	7),
(40,	23,	7),
(31,	24,	7),
(34,	25,	7),
(41,	26,	18),
(42,	29,	7),
(47,	30,	7),
(46,	30,	16);

TRUNCATE `social_network_auctioncomment`;
INSERT INTO `social_network_auctioncomment` (`id`, `content`, `create_at`, `price`, `status_transaction`, `auction_id`, `user_id`) VALUES
(6,	'Em muốn mua căn này trả tiền trực tiếp ạ',	'2021-09-12 09:52:03.881207',	1200,	'in process',	9,	10),
(8,	'Nếu dịch vụ trong 1 tuần em chấp nhận ạ',	'2021-09-17 08:49:00.633415',	20,	'none',	20,	10),
(9,	'Oke ạ nghe có vẻ hay',	'2021-09-17 08:53:02.142644',	25,	'none',	20,	15),
(10,	'nếu có hát cho người lớn thì em mua nhé',	'2021-09-17 08:59:20.757739',	30000,	'succ',	20,	7),
(11,	'test1',	'2021-09-27 16:56:32.272939',	100000000,	'fail',	24,	5),
(12,	'test2',	'2021-09-27 16:56:32.273920',	120000000,	'succ',	24,	16),
(13,	'test3',	'2021-09-27 16:56:32.274832',	150000000,	'none',	24,	10),
(14,	'cao qua',	'2021-09-27 17:23:33.501328',	150000,	'succ',	21,	16),
(15,	'dc chua',	'2021-09-27 17:24:41.548922',	200000,	'fail',	22,	16),
(16,	'Toi chi duoc gia nay thoi',	'2021-09-27 17:48:43.463097',	1200000,	'in process',	25,	7),
(18,	'ok ạ',	'2021-10-14 02:59:04.142537',	50000,	'succ',	26,	18),
(19,	'em mua cái này nhé',	'2021-10-14 07:48:57.580563',	200000,	'in process',	22,	18),
(20,	'mk lÁy caiz này nhé',	'2021-10-16 01:30:32.595540',	20000,	'none',	31,	16),
(21,	'em xin lấy ạ',	'2021-10-16 01:32:10.862388',	25000,	'succ',	31,	18);

TRUNCATE `social_network_auctionimage`;
INSERT INTO `social_network_auctionimage` (`id`, `image`, `auction_id`) VALUES
(10,	'static/auction_images/2021/09/142d78192fda46d5b58e14c9d3f2fe51_8q5gfvq.jpg',	9),
(20,	'static/auction_images/2021/09/119170527_2035657669902648_1262318113764188233_o_NBoPxYV.png',	20),
(23,	'static/auction_images/2021/09/IMG20210818190412.jpg',	22),
(24,	'static/auction_images/2021/09/thumb-1920-161457.jpg',	23),
(55,	'static/auction_images/2021/09/1519955912576480406_CTboDky.jpg',	21),
(58,	'static/auction_images/2021/09/filename0_cwPXRWp.jpg',	24),
(59,	'static/auction_images/2021/09/IMG_20190531_061856.jpg',	25),
(60,	'static/auction_images/2021/09/916846.jpg',	26),
(62,	'static/auction_images/2021/10/filename0.jpg',	27),
(64,	'static/auction_images/2021/10/filename0_94fPrPS.jpg',	28),
(65,	'static/auction_images/2021/10/IMG_20211014_163227_wF1vpvv.jpg',	29),
(66,	'static/auction_images/2021/10/Screenshot_20211014_144257.jpg',	30),
(67,	'static/auction_images/2021/10/Screenshot_20211014_144205.jpg',	30),
(68,	'static/auction_images/2021/10/Screenshot_20211014_144134.jpg',	30),
(69,	'static/auction_images/2021/10/IMG20210816180936.jpg',	31),
(70,	'static/auction_images/2021/10/Screenshot_2021-09-01-20-19-40-86.png',	31);

TRUNCATE `social_network_auctionreport`;
INSERT INTO `social_network_auctionreport` (`id`, `content`, `create_at`, `auction_id`, `type_id`, `user_id`) VALUES
(1,	'bài này auto make ',	'2021-09-27 13:16:28.807198',	23,	2,	7);

TRUNCATE `social_network_categoryauction`;
INSERT INTO `social_network_categoryauction` (`id`, `name`) VALUES
(1,	'Bất động sản'),
(2,	'Nhà cửa'),
(3,	'Vận dụng Nội thất'),
(4,	'Xe cộ'),
(5,	'Nghệ thuật'),
(6,	'Đồ cổ');

TRUNCATE `social_network_feedback`;
INSERT INTO `social_network_feedback` (`id`, `title`, `content`, `create_at`) VALUES
(1,	'Ve UI',	'ahihi',	'2021-10-04 14:21:25.024799'),
(2,	'về Ui',	'thiếu nút xóa',	'2021-10-04 14:44:51.401924'),
(3,	'Phan ui',	'Thieu nut xoa',	'2021-10-15 10:04:57.409359');

TRUNCATE `social_network_hashtagpost`;
INSERT INTO `social_network_hashtagpost` (`id`, `name`) VALUES
(1,	'first post'),
(11,	'alala'),
(12,	'picture'),
(13,	'lala'),
(14,	'123'),
(15,	'áđf'),
(16,	'effd'),
(18,	'chicohinhanh'),
(23,	'test'),
(25,	'good'),
(26,	'ahihilallaa'),
(27,	'huhu'),
(29,	'troimua'),
(31,	'nothing'),
(34,	'autocreate'),
(36,	'anh_ca_nhan'),
(37,	'Bai_dau_tien'),
(38,	'truy'),
(39,	'may_ao'),
(40,	'bai_dau'),
(41,	'bai_moi'),
(42,	'first'),
(43,	'anh');

TRUNCATE `social_network_paymentmethod`;
INSERT INTO `social_network_paymentmethod` (`id`, `name`) VALUES
(1,	'Momo'),
(2,	'Offline');

TRUNCATE `social_network_post`;
INSERT INTO `social_network_post` (`id`, `content`, `create_at`, `count_comment`, `active`, `user_id`) VALUES
(1,	'hello world',	'2021-08-05 09:11:27.824571',	13,	1,	5),
(2,	'nggo vawn',	'2021-08-08 01:49:43.296662',	1,	1,	5),
(23,	'Post ms đc chỉnh sửa\n#anh_ca_nhan',	'2021-09-07 01:41:27.008694',	2,	1,	7),
(29,	'ms thêm để thử vs redux',	'2021-09-09 13:42:16.705572',	1,	1,	7),
(32,	'Ms tạo tài khoản nên tò mò đăng thử\ncũng khá là hay',	'2021-09-15 12:48:04.270167',	0,	1,	16),
(33,	'Bữa nay trời mua không biết làm gì đây????',	'2021-09-17 09:50:15.053311',	1,	1,	16),
(34,	'thêm 1 bài cho ngày đẹp tươi\n#Bai_dau_tien',	'2021-09-20 13:57:01.107093',	1,	1,	7),
(35,	'Post bai bang postman lam mau',	'2021-09-24 03:18:56.259650',	1,	1,	7),
(37,	'bài đăng đầu tiên nhé',	'2021-10-14 01:25:09.308148',	0,	1,	18),
(41,	'Bai moi them',	'2021-10-15 10:03:28.743530',	0,	1,	7),
(42,	'Bai so 1 nhe\n#first',	'2021-10-15 10:09:53.032918',	0,	1,	19),
(43,	'them moi\n#anh',	'2021-10-15 14:42:12.191019',	0,	1,	7);

TRUNCATE `social_network_post_hashtag`;
INSERT INTO `social_network_post_hashtag` (`id`, `post_id`, `hashtagpost_id`) VALUES
(1,	1,	1),
(47,	23,	36),
(42,	29,	31),
(36,	32,	25),
(40,	33,	29),
(48,	34,	37),
(53,	42,	42),
(54,	43,	43);

TRUNCATE `social_network_post_like`;
INSERT INTO `social_network_post_like` (`id`, `post_id`, `user_id`) VALUES
(70,	1,	7),
(36,	1,	16),
(39,	2,	7),
(84,	23,	7),
(42,	23,	16),
(85,	29,	16),
(83,	32,	7),
(87,	32,	16),
(43,	33,	16),
(81,	34,	7),
(82,	35,	7),
(89,	42,	7);

TRUNCATE `social_network_postcomment`;
INSERT INTO `social_network_postcomment` (`id`, `content`, `create_at`, `post_id`, `user_id`) VALUES
(1,	'Ahihi =)))',	'2021-08-05 09:35:00.258944',	1,	5),
(2,	'ahihi',	'2021-09-02 01:18:05.048242',	1,	7),
(3,	'Ahihi comment so 1 cho kan nhe.',	'2021-09-03 10:15:38.673072',	1,	7),
(4,	'Ahihi comment so 1 cho kan nhe. lan 2',	'2021-09-03 10:16:34.375575',	1,	7),
(5,	'Ahihi comment so 1 cho kan nhe. lan 2',	'2021-09-03 10:25:52.256432',	1,	7),
(6,	'Ahihihi',	'2021-09-03 10:33:28.631969',	1,	7),
(7,	'This is a comment with image',	'2021-09-05 01:58:28.178986',	1,	7),
(8,	'ahihi',	'2021-09-11 03:02:09.495604',	1,	7),
(9,	'ma thêm comment bằng app nèk',	'2021-09-15 01:41:39.658203',	1,	7),
(10,	'ahlolo',	'2021-09-15 01:42:16.126544',	1,	7),
(12,	'ahihi',	'2021-09-16 08:53:35.956101',	1,	7),
(13,	'ahihi',	'2021-09-16 09:12:18.023107',	1,	7),
(14,	'hic',	'2021-09-16 13:26:27.736170',	1,	7),
(16,	'Ở đau mà nhà đẹp ghê',	'2021-09-16 13:28:44.047688',	2,	7),
(18,	'm hả Hậu',	'2021-09-17 09:49:20.029349',	23,	16),
(20,	'Sao hinh thu 3 khong thay v',	'2021-09-27 13:19:35.534409',	29,	16),
(22,	'Thấy cái app này chạy cug hay nên share',	'2021-09-28 07:45:14.225270',	35,	7),
(23,	'Ừa t đó',	'2021-09-28 07:47:57.566023',	23,	7),
(24,	'đẹp nha',	'2021-10-13 03:32:21.771666',	33,	7),
(25,	'Them binh luan nhe',	'2021-10-15 01:04:04.736036',	34,	7);

TRUNCATE `social_network_postimage`;
INSERT INTO `social_network_postimage` (`id`, `image`, `post_id`) VALUES
(1,	'static/post_images/2021/08/thumb-1920-161457.jpg',	1),
(2,	'static/post_images/2021/08/119170527_2035657669902648_1262318113764188233_o.png',	1),
(3,	'static/post_images/2021/08/images.jpeg',	2),
(4,	'static/post_images/2021/08/home-banner-2020-02-min.jpg',	2),
(12,	'static/post_images/2021/09/IMG_8628.jpg',	1),
(13,	'static/post_images/2021/08/e5d058e4258bacbde1bf75874bd459f8.jpg',	2),
(14,	'static/post_images/2021/08/spring-overview.png',	2),
(15,	'static/post_images/2021/09/IMG_8628.jpg',	2),
(28,	'static/post_images/2021/09/1521798484898702754.jpg',	32),
(29,	'static/post_images/2021/09/1519955912576480406.jpg',	32),
(32,	'static/post_images/2021/09/IMG20210816180936.jpg',	33),
(35,	'static/post_images/2021/09/filename0_optnqlT.jpg',	29),
(36,	'static/post_images/2021/09/filename1.jpg',	29),
(37,	'static/post_images/2021/09/filename2.jpg',	29),
(40,	'static/post_images/2021/09/Screenshot_20210617_181856.jpg',	35),
(42,	'static/post_images/2021/09/filename0_1RKIuiR.jpg',	23),
(43,	'static/post_images/2021/10/1517982255138383736.jpg',	37),
(44,	'static/post_images/2021/10/filename0.jpg',	34),
(49,	'static/post_images/2021/10/IMG_20211014_163227_NtVIUT9.jpg',	41),
(50,	'static/post_images/2021/10/IMG20210816180936.jpg',	43);

TRUNCATE `social_network_postreport`;
INSERT INTO `social_network_postreport` (`id`, `content`, `create_at`, `post_id`, `type_id`, `user_id`) VALUES
(1,	'Thông tin không hữu ích',	'2021-09-05 03:03:50.735512',	NULL,	2,	6),
(2,	'Cais post nay spam qua nen t report thoi',	'2021-09-11 06:12:33.380537',	NULL,	2,	7),
(3,	'bài này nhiều comment spam quá',	'2021-09-27 13:12:07.532099',	1,	2,	7);

TRUNCATE `social_network_reporttype`;
INSERT INTO `social_network_reporttype` (`id`, `name`) VALUES
(1,	'Thông tin sai sự thật'),
(2,	'Spam'),
(3,	'Bán hàng trái phép'),
(4,	'Ngôn từ không đúng chuẩn mực'),
(5,	'Vấn đề khác');

TRUNCATE `social_network_user`;
INSERT INTO `social_network_user` (`id`, `password`, `last_login`, `is_superuser`, `username`, `first_name`, `last_name`, `email`, `is_staff`, `is_active`, `date_joined`, `phone`, `avatar`, `address`, `birthday`, `push_token`) VALUES
(1,	'pbkdf2_sha256$260000$qQh4sfjYrHmQxoLvJJfyf9$few37ayqiXuHlAA8daiQK8/J1K24Vzfk/jH+giH4Kok=',	'2021-10-13 11:47:52.539483',	1,	'admin',	'',	'',	'ngovanhau1999@gmail.com',	1,	1,	'2021-08-05 07:46:02.456611',	NULL,	'/static/avatar/user_dungly/ahihi.jpeg',	NULL,	NULL,	'none'),
(5,	'haungo',	'2021-08-05 08:39:19.000000',	0,	'haungo',	'Hau',	'Ngo',	'ngovanhau1999@gmail.com',	0,	1,	'2021-08-05 08:38:36.000000',	'0383793662',	'/static/avatar/user_haungo/suc_khoa.jpg',	'thon 10 Bom Bo',	'2000-10-02',	'none'),
(6,	'dungly',	NULL,	0,	'dungly',	'Dung',	'Ly',	'1851050025dung@ou.edu.vn',	0,	1,	'2021-08-05 09:14:47.000000',	'0123456789',	'/static/avatar/user_dungly/ahihi.jpeg',	'TP HCM',	'2000-01-01',	'none'),
(7,	'pbkdf2_sha256$260000$Ti8f6dDOewMBC1l8DMlr1D$jJv7GIWnrw1Nwbp34DGrJEdp3+ElWgEr4gjhFOYnNPI=',	NULL,	0,	'haungo1',	'KanJ',	'haungo1',	'ngovanhau@gmail.com',	0,	1,	'2021-08-31 01:00:36.000000',	'0988039185',	'static/avatar/user_haungo1/20210408_105342_Pq74sea.jpg',	'thôn 10 Bom Bo, Bù Đăng, BP',	'2000-10-02',	'ExponentPushToken[T_L-0BPn8ARCY-rVYRfb1q]'),
(10,	'pbkdf2_sha256$260000$KSQ0njy6Zb0q9XYGOQiXI5$tcRFXfDUsIUAN9PB+h7r58br7s5qCNtoVtaveQ2kTck=',	NULL,	0,	'itouvn',	'IT',	'OUIT',	'IT@ou.edu.vn',	0,	1,	'2021-09-05 09:00:27.115940',	NULL,	'/static/avatar/user_dungly/ahihi.jpeg',	NULL,	NULL,	'none'),
(11,	'pbkdf2_sha256$260000$VjpkbhEsBLuXlRB2qmGxzT$nlASOOeyw2DK2Wo0Je7KMlFgKFje0rHWgznW5HPLrUs=',	NULL,	0,	'',	'Haungo',	'Van',	'ngovanhau2109@gmail.com',	0,	1,	'2021-09-11 06:27:02.388273',	NULL,	'/static/avatar/user_dungly/ahihi.jpeg',	NULL,	NULL,	'none'),
(14,	'pbkdf2_sha256$260000$F3mJRe6gQPBDsbmjq98QrH$px3FrOuisGvh9DAxBqx09Egh3gJrmR9FKnicnal/EqE=',	NULL,	0,	'ahihi',	'Haungo',	'Van',	'ngovanhau2109@gmail.com',	0,	1,	'2021-09-15 08:13:21.388373',	NULL,	'/static/avatar/user_dungly/ahihi.jpeg',	NULL,	NULL,	'none'),
(15,	'pbkdf2_sha256$260000$vBU3R4uCmix3TyQhaYElIG$PoMepNTakbgkQcKC4EakVBS1GhpdcfjUZtFURMWtDaU=',	NULL,	0,	'ahihio',	'Haungo',	'Van',	'ngovanhau2109@gmail.com',	0,	1,	'2021-09-15 08:14:12.030632',	NULL,	'/static/avatar/user_dungly/ahihi.jpeg',	NULL,	NULL,	'none'),
(16,	'pbkdf2_sha256$260000$RTOzQspa0ZcOrNcNe1wqja$7Wx+VPATUcu01mswwyBVjzBoeIy7QaCI8Vt+GC2wxzA=',	NULL,	0,	'dungly1',	'Dung',	'Ly',	'dungly1@gmail.com',	0,	1,	'2021-09-15 09:07:14.662641',	'0174628476',	'static/avatar/user_dungly1/IMG_20211014_163227.jpg',	'Phú Nhuận',	'2020-10-25',	''),
(17,	'pbkdf2_sha256$260000$5BQasxicLrK1SMi3dL8HcO$B390Uz2bBhO+6mMNv0HncWVOT7deCPTUtG2lHhn/QUA=',	NULL,	0,	'itecit02',	'Dung',	'Ly',	'dungly1@gmail.com',	0,	1,	'2021-09-15 10:15:27.336377',	NULL,	'static/avatar/user_itecit02/20201117_080000.jpg',	NULL,	'2020-10-25',	'none'),
(18,	'null',	NULL,	0,	'ngovanhau2109@gmail.com',	'Hau',	'Ngo',	'ngovanhau2109@gmail.com',	0,	1,	'2021-10-13 14:55:32.411483',	'0383793663',	'static/avatar/user_ngovanhau2109@gmail.com/1519955912576480406_ysazhGs.jpg',	'thôn 10 bom bo',	'2000-10-12',	''),
(19,	'pbkdf2_sha256$260000$ge2yAJoAkm9lSNTQRcBz2U$D5QFpa/GFRCDmHCd4y7LqEa4DIqmVD7RaDynNrI4wYU=',	NULL,	0,	'test',	'test1',	'test',	'test@gmail.com',	0,	1,	'2021-10-15 10:09:20.374305',	NULL,	'static/avatar/user_test/IMG_20211014_163227.jpg',	NULL,	NULL,	'');

TRUNCATE `social_network_user_groups`;

TRUNCATE `social_network_user_user_permissions`;

-- 2021-10-21 03:47:06
